flow_pktlen,label
"[1202, 732, -20, -472, 20, 1203, 1460, 244, -32, -20, -472, 20, 1202, 909, -20, -471, 20]",web
"[21, -32]",web
"[-59, -44, -20, 20, 20, -20]",web
"[32, -28, 20, 22, 54, -20, -20, -868, 20, -20, 20]",web
"[32, -24, 20, 22, 54, -20, -20, -56, 20, -20, 20]",web
"[1460, 1460, 1460, 1460, 1460, 1006, 1460, 1460, 1460, 1460, 1460, 1135, -20, -20, -20, -20, -20, -20, -918, 1460, 1460, 1460, 1460, 1460, 1006, 1460, 1460, 1460, 1460, 1460, 312, -20, -20, -20, -20, -20, -20, -918, 20]",web
"[32, -32, 20, 537, -2740, -506, 20, 146, -278, 901, -20, -1380, -189, -1380, -189, -104, -54, 20, 783, -20, -942, 814, -1380, -189, -1380, -189, -1380, -189, -1380, -189, -140, 20, 750, -1380, -189, -1380, -189, -1380, -189, -1380, -189, -1380, -189, -780, -1380, -189, 20, -1380, -189, -1380, 20, -189, -1341, -1380, -189, -957, 20, -1380, -189, -1380, -189, 20, -10900, -572, -1380, -189, -1380, -189, -1380, 20, -189, -1380, -189, 20, -1380, -189, -1380, -189, -1380, -73, -1380, -189, -1380, -189, -1380, -189, -1380, -189, -1380, -189, 20, -1380, -189, -1380, -189, -1380, -189, -1380, -189, -1380, 20, -8180, 20, -19060, 20, -2740, 20, -19060, 20, -2740, 20, -4100, -324, 20, 762, -1380, -189, -1380, -189, -1380, -189, -1380, -189, -1380, -189, -1380, -189, -1380, -189, -1380, -189, 20, -1380, -189, -572, -1380, -189, -957, 20, -1380, -189, -1380, -189, -1380, -189, -1380, -189, 20, -1380, -189, -749, -1380, -189, -1380, -85, -1257, -1380, -189, -1380, -189, -1062, -54, 20, 1380, 98, -20, -751, 20]",web
"[32, -32, 20, 537, -1380, -1380, -506, 20, 146, -278, 20, 772, -1380, -189, -1380, -95, -54, 20, 812, -1380, -189, -1380, -189, -1380, -189, -145, -1380, 32, 20]",web
"[32, -32, 20, 537, -5860, -471, 20, 178, -71, 20]",web
"[32, -32, 20, 537, -161, 71, -20]",web
"[32, -28, 20, 22, 59, -20, -20, 20, -20, -61, 20, -20]",web
"[32, -24, 20, 22, 59, -20, -20, 20, -20, -61, -20, 20]",web
"[32, -24, 20, 22, 59, -20, -20, 20, -20, -61, 20, -20]",web
"[32, -32, 20, 537, -20, -2940, -520, 20, 146, 723, -20, -310, -7320, -646, 20, -51, -20, 20, 20, 20]",web
"[32, -28, 20, 22, 55, -20, -20, -869, 20, -20, 20]",web
"[32, -24, 20, 22, 55, -20, -20, -57, 20, -20, 20]",web
"[32, -24, 20, 22, 55, -20, -20, -57, 20, -20, 20]",web
"[32, -24, 20, 22, 60, -20, -20, 20, -20, -62, -20, 20]",web
"[32, -24, 20, 22, 60, -20, -20, 20, -20, -62, -20, 20]",web
"[32, -24, 20, 22, 60, -20, -20, 20, -20, -62, -20, 20]",web
"[32, -32, 20, 537, -1380, -506, -1380, 32, 32, 20, 146, -278, 779, -716, 20, 707, -400, 683, -400, 984, -20, -189, -1380, -1380, -189, -1380, -189, -189, -1380, -161, 32, 20, 32, 20, 20]",web
"[32, -28, 20, 22, 59, -20, -20, 20, -20, -61, 20, -20]",web
"[32, -32, 20, 537, -20, -2940, 20, -284, 113, 807, -20, -278, 20, -2940, 20, -1261, 20]",web
"[32, -32, 20, 537, -20, -2940, 20, -284, 113, -278, 20]",web
"[32, -32, 20, 537, -161, 71, 1008, -20, -1380, -189, -1380, -189, -1380, -189, -1380, -189, -1265, -1380, 20, -4100, -1238, 20]",web
"[32, -32, 20, 537, -20, -114, -1480, -1345, -504, 20, -358, -29, 20, 146, 125, 448, 105, 109, 114, 102, 106, -29, 32, 103, 110, 114, 105, 100, -20, -20, -26, -65, 20, -95, -58, -1480, -1061, -1480, 20, -1480, -1129, -145, 20, 58, -5860, 20, -20, -1480, 20, -4400, 20, -5860, -1263, 20, 87, 105, 106, -20, -20, -90, -2940, -1129, -2940, 20, -20460, 20, -11700, -917, 20, -20, -90, 20, -1480, -796, 20, -1480, -863, 20, 87, -113, -2940, -1129, -92, 20, 143, 93, -20, -1020, -2940, -1129, -154, -2940, -684, 20]",web
"[32, -32, 20, 537, -20, -114, -1480, -1345, -504, 20, 20, -358, -29, 20]",web
"[32, -32, 20, 537, 20, -20, -114, -1480, -1345, -504, 20, -358, -29]",web
"[32, -32, 20, 537, -20, -114, -1480, -1345, -504, 20, 20, -358, -29, 20]",web
"[32, -32, 20, 537, 20, -20, -114, -1480, -1345, -504, 20]",web
"[32, -32, 20, 537, 20, -20, -114, -1480, -1345, 20, -504, -358, -29]",web
"[32, -32, 20, 537, -161, 71, -20]",web
"[32, -32, 20, 537, -20, -4400, -848, 20, 113, 799, -848, 32, -20, -20, -190, -1228, -1480, -947, -608, -73, -5860, 20, -1480, -354, 20, 1300, -20, -348, 20, -51, -20, 20]",web
"[32, -32, 20, 537, -1380, -1380, -506, 32, 20, 146, -278, 742, 1380, 1380, 1380, 1380, 1380, 1380, 1380, 1380, 1380, -20, -20, -20, 1380, 845, -20, -20, -20, -20, -20, -20, -20, -32, -544, -54, 20, 20, -20, 20, -51, 20]",web
"[32, -32, 20, 537, -1380, -506, -1380, 32, 32, 20, 146, -278, 740, 984, -20, -544, -54, 20, 20, -51, -20, 20]",web
"[32, -28, 20, 22, 58, -20, -20, -157, 20, -20, 20]",web
"[32, -32, 20, 537, -20, -1292, -2844, 32, 20, -1297, 100, 118, 428, -20, -20, -20, -594, 20, -91, -545, -51, 20, 51, -20]",web
"[32, -32, 20, 537, -20, -2844, -1292, 20, -1297, 20, 100, 118, 433, -20, -20, -20, -594, -91, -4256, 20, 51, -4256, 20, -8492, 20, -16964, -1432, 20, -1432, 20, -4256, -20, 20, -4256, 20, -285, 20]",web
"[32, -32, 20, 537, -20, -4400, -842, 20, -842, 32, 113, 125, 1283, 646, 777, 647, 865, 651, 646, 652, -20, -20, -20, -20, -20, -20, -20, -190, -104, 20, 58, -20, -104, 32, -20, 647, -20, -20, 653, -20, 648, -20, -20, 646, 651, -20, 648, 652, -20, 647, -20, 652, 652, -20, 652, -20, -20, 831, -20, -20, -20, -252, -2940, -666, -617, -2940, 20, -2940, -104, 20, -1480, -4400, -572, 20, -75, -2940, -1234, -8780, -586, 20, -58, -75, -2940, 20, -14620, 20, -973, -74, -2940, -1234, -137, 20, -75, -2940, -1234, 20, -1480, -11700, -1434, 20, -75, -75, -2940, -1234, -13160, 20, -1316, -58, -2940, 20, -1234, -2940, 20, -5860, -316, -96, 20, -74, -2940, -1234, -140, 20, -74, -2940, -1234, -134, 20, -74, -2940, -1234, 20, -139, -74, 20, -2940, -1234, 20, -70, -150, 20, -2940, -1234, 20, -137, -74, -2940, -1234, -123, 20, -74, -2940, -1234, 20, -135, -74, -2940, -1234, 20, -1480, -700, 20, -74, -2940, -1234, -1480, -716, 20, -75, -2940, -1234, -7320, -1457, -58, -74, -1480, 20, -1480, -1234, -224, 20, -75, -2940, -1234, 20, -7320, -1411, -58, 20, -74, -2940, -1234, 20, -132, 20, -51, -20, 20, 20, -20]",web
"[32, -32, 20, 537, -20, -4340, -902, 20, 113, 125, -902, 32, 412, 95, -20, -20, -190, -95, -58, 20, 58, -20, -20, -680, -67, 20, 214, -67, 32, -20, -20, -253, -135, -58, 20, -58, 32]",web
"[32, -32, 20, 537, -20, -4340, -902, -902, 32, 113, 125, 564, 1460, 1460, 1364, 530, -20, -190, -20, -20, -20, -95, -58, 20, 58, -20, -20, -20, -62, -98, -58, 20, -58, 32, -20, -337, -607, -58, 20, -58, 32, 477, -20, -62, -58, 20, -58, 32]",web
"[32, -32, 20, 537, -20, -4340, -908, 20, 113, 1249, -908, 32, -20, -20, -190, -278, 20, 1250, -278, 32, -20, -278, 1249, -20, -278, 1252, -20, -278, 20, 1215, -20, -278, 20, 1215, -20, -278, 20, 1215, -20, -278, 20, 1215, -20, -278, 20, 1215, -20, -278, 20, 1215, -20, -278, 20, 1215, -20, -278, 20, 1215, -20, -278, 20]",web
"[32, -32, 20, 537, -20, -4340, -908, 20, -908, 32, 113, 1249, -20, -20, -190, -278, 20, -278, 32, 1215, -20, -278, 1250, -20, -278, 1249, -20, -278, 1249, -20, -278, 20]",web
"[32, -32, 20, 537, -20, -4340, -908, -908, 32, 113, 1249, -20, -190, -20, -278, 20, 1248, -278, 32, -20, -278, 1249, -20, -278, 1252, -20, -278, 1215, -20, -278, 20]",web
"[32, -32, 20, 537, -20, -1460, -1460, -1460, -908, 20, 113, -908, 32, 1215, -20, -190, -20, -278, 20, 1249, -278, 32, -20, -278, 1249, -20, -278, 1250, -20, -278, 20]",web
"[32, -32, 20, 537, -20, -1460, -1460, -1460, -908, 20, 113, -908, 32, 1249, -20, -20, -190, -278, 20, -278, 32, 1249, -20, -278, 1248, -20, -278, 20]",web
"[32, -28, 20, 22, 59, -20, -20, -224, 20, -20, 20]",web
"[32, -32, 20, 537, -20, -4340, -908, 20, 113, 1215, -908, 32, -20, -20, -190, -278, 20, 1252, -278, 32, -20, -278, 1249, -20, -278, 20]",web
"[32, -32, 20, 537, -20, -2940, -282, 20, 113, 20, -294, -89, -20, 20]",web
"[32, -32, 20, 537, -20, -20, -2940, 20, -282, 113, 20, -294, -89, 20, -20]",web
"[32, -32, 20, 537, -20, -2940, 20, -282, 113, 20, -294, 20, -89, -20]",web
"[32, -32, 20, 537, -20, -2940, -282, 20, 113, 20, -294, -89, 20, -20]",web
"[32, -32, 20, 537, -20, -2940, 20, -282, 113, 125, 534, 152, 151, 142, 142, 142, 150, 152, 152, -294, -89, 20, -32, -20, -32, -32, -32, -20, -58, -2940, 20, 58, -2940, 20, -1480, 20, -1480, 20, -2940, 20, -2940, 20, -2940, 20, 598, 153, 153, 153, 152, 152, 153, 152, 153, 153, 153, 153, -2940, 20, 153, 153, 153, 153, 153, 152, 153, 153, 153, 153, -2940, 20, -2940, 20, -2940, 20, -2940, 20, -2940, 20, -2940, 20, -2940, 20, -2940, 20, -2940, 20, -2940, 20, -2940, 20, -20, -20, -2940, -20, 20, -1480, 20, -4400, 20, -20, -2940, -20, -20, -5860, 20, -21920, 20, -21920, 20, -17540, 20, -4400, 20, -4400, 20, -4400, 20, -7320, 20, -8780, -4400, 20, -4400, 20, -4400, 20, -4400, 20, -4400, 20, -4400, 20, -4400, 20, -4400, 20, -5860, 20, -1480, -1480, -1480, -1480, -1480, -1480, -1480, -1480, -1480, -1480, -1480, -1480, 20, -8780, 20, -8780, 20, -8780, 20, -8780, 20, -1480, -1480, -1480, -1480, -8780, 20, -8780, 20, -8780, 20, -8780, 20, -8780, 20, -8780, 20, -8780, 20, -2940, 20, -8780, 20, -1480, -11700, 20, -1480, -1480, -1480, 20, -17540, 20, -17540, 20, -23380, 20, -8780, 20, -7320, 20, -1480, 20, -2940, 20, -21920, 20, -5860, 20, -20460, 20, -5860, 20, -4400, 20, -14620, 20, -13160, 20, -21920, 20, -14620, 20, -4400, 20, -21920, 20, -21920, 20, -21920, 20, -21920, 20, -4400, 20, -21920, 20, -1480, -1156, 20, -5860, 20, -2940, 20, -21920, 20, -2940, 20, -2940, -344, -17540, 20, -7320, 20, -21920, 20, -2940, 20, -21920, 20, -21920, 20, -20460, 20, -21920, 20, -16080, 20, -19000, 20, -16080, 20, -16080, 20, -14620, 20, -21920, 20, -16080, 20, -4400, 20, -21920, 20, -16080, 20, -16080, 20, -16080, 20, -4400, 20, -16080, 20, -20460, 20, -14620, 20, -19000, 20, -4400, 20, -16080, 20, -16080, 20, -16080, 20, -17540, 20, -2940, 20, -21920, 20, -2940, 20, -17540, 20, -21920, 20, -4400, 20, -17540, 20, -17540, 20, -21920, 20, -17540, 20, -4400, 20, -21920, 20, -19000, -169, 20]",web
"[32, -32, 20, 537, -20, -2940, 20, -282, 113, 20, -294, 20, -89, -20]",web
"[32, -32, 20, 537, -20, -4100, -36, -1380, 20, -703, 20, 100, 118, 478, 91, 97, 97, 91, 91, 91, 91, 91, 97, 89, 91, 98, 97, 97, 97, 97, 90, 91, 91, 92, -20, -594, -82, 20, 51, -20, -51, 56, -20, -20, -20, -20, -20, -20, -20, -20, -20, -20, -20, -20, -20, -20, -20, -20, -8180, 20, -4100, -20, -20, -20, -20, -20, 20, -4100, 20, -20, -4100, 20, -4100, 20, -4100, 20, -4100, -20, 20, -4100, 20, -4100, 20, -4100, 20, -1380, 20, -1380, -2740, 20, 92, -4100, 20, -4100, 20, -4100, 20, -4100, 20, 56, 90, 91, -5460, 20, 56, 97, 91, -4100, 149, 56, -5460, 56, 56, 90, 97, 97, -5460, 56, 56, -5460, -5460, 56, 56, 56, 56, 56, -9540, -6820, -2740, -4100, -5460, 20, -5460, -20, -20, -20, -20, -20, -20, -20, -20, -20, -20, -20, 20, -20, -20, -20, -20, -20, -20, -20, -2740, 20, -4100, -20, -20, -20, 20, -6820, 20, -6820, 20, -6820, 20, -16340, 20, -4100, 20, 142, -17700, 20, -17700, 20, -19060, 20, -16340, 20, -2740, -4100, -1300, 20, -1380, -100, 20, -16340, 20, -12260, 20, -1380, -1300, 20, 149, -9540, -20, 20, -19060, 20, -4100, -100, 20, -9540, 20, -9540, 20, -10900, 20, -10900, 20, -20, -9540, 20, 148, -2740, 20, -10900, 20, -12260, 20, 89, -12260, 20, 90, -9540, -1220, 20, 88, 91, 90, 56, 56, 90, 97, 56, 56, 91, 91, 90, 89, 89, 97, 56, 56, 97, 56, 56, 56, 56, 56, 56, 56, 56, 56, 56, 56, 56, 56, 56, 56, 56, 56, -4100, 20, -4100, 20, -1380, 20, -20, -12260, 20, -6820, -180, -4100, 20, -8180, -20, -20, -20, -20, -20, -20, -20, 20, -20, -20, -6820, 20, -4100, 20, -4100, 20, -12260, 20, -12260, 20, -6820, 20, -20420, 20, -20, -20, -20, -20, -20, -20, -20, -20, -20, -20, -20, -20, -20, -20, -20, -20, -20, -20, -20, -20, -20, -20, -20, -20, -20, -20, -20, -20, -14980, 20, -8180, -1140, 20, -19060, 20, 144, -5460, -260, -13620, 20, -20420, 20, -20420, 20, -20420, 20, -4100, 20, -14980, -4100, 20, -12260, 20, -13620, 20, -1380, 20, -17700, 20, -14980, 20, -14980, 20, -6820, 20, -8180, 20, -5460, 20, 99, -14980, -20, -2740, 20, -12260, -6820, 20, -16340, 20, -20420, 20, -19060, 20, -2740, 20, -20420, 20, -10900, 20, -14980, 20, -14980, 20, -12260, 20, -14980, -20, -4100, 20, -20420, 20, -10900, 20, 93, 99, 100, -2740, 20, -5460, 20, -5460, 20, -5460, 20, -5460, 20, -5460, 20, -5460, 20, -5460, 20, -5460, 20, -5460, 20, -1380, 20, -6820, 20, -2740, 20, -5460, 20, -5460, 20, -5460, 20, -4100, 20, -1380, 20, -20420, 20, -20420, 20, -12260, -6820, 20, -4100, 20, -20420, 20, -5460, -20, -20, -20, -10900, 20, -1380, -20420, 20, -10900, -4100, -2740, 20, -17700, 20, -17700, 20, -4100, 20, -4100, 20, -4100, 20, -4100, 20, -1380, 20, -20420, 20, -20420, 20, -4100, 20, -1380, -1380, -1380, -1380, -1380, -1380, -1380, -1380, -1380, -1380, -1380, -1380, -1380, -1380, -1380, 20, -1380, -1380, -1380, -1380, -1380, -1380, -1380, -8180, 20, -5460, -241, 20, 94, 99, -20, -20, -581, -547, 20, 94, -20, -581, 94, -20, -581, 94, -20, -581, 94, -20, -581, 94, -20, -581, 20]",web
"[274, 275, -20, -17540, 20, -4400, 20, 62, -4400, -1480, -1480, -8780, 32, 20, 20, -4400, -1480, -1480, -1480, -1480, -10240, -1480, 32, 20, 32, 20, 32, -1480, -4400, -220, -11700, -1480, -1480, 20, 32, 20, -4400, -486, -58, 20, -20, -1480, -2940, -1480, -7320, -1480, -1480, -5860, 32, 20, 32, 20, 20, -1480, -1480, -5860, 32, 20, 20, -1480, -1480, -1480, -1480, -1480, -14620, 32, 20, 32, 20, 20, -1480, -1480, -10240, -178, -7320, 32, 20, 20, -2940, -1480, -13160, -1480, -1480, -1480, 32, 20, 32, 20, 20, -1480, -1480, -16080, -1480, -1480, 32, 20, 32, 20, -1480, -1480, -10240, -668, -7320, 32, 20, 20, -7320, -1480, -1480, -11700, 32, 20, 20, -7320, -1480, -1480, -7320, 32, 20, 20, -5860, -1480, -1480, -10240, -670, -20, 32, 20, 20, -2940, -2940, -1480, -13160, 32, 20, 20, -1480, -5860, -1480, -1480, -1480, -1480, -1314, 32, 20, 32, 20, 20]",web
"[32, -32, 20, 537, -20, -114, -1480, -1345, -504, 20, -358, -29, 20, 146, 125, 1472, 25, -20, -20, -26, -65, 20, -104, 58, -283, -136, 20]",web
"[32, -32, 20, 537, -20, -4400, -848, 20, 113, 1472, 511, -848, 32, -20, -20, -190, -343, 20, -343, 32, 859, -20, -344, 859, -20, -344, 859, -20, -344, 859, -20, -344, 859, -20, -344, 20]",web
"[21, -32]",web
"[21, -32]",web
"[32, -32, 20, 537, -20, -20, -178, 71, 859, -20, -20, -344, 859, -20, -344, 859, -20, -344, 20]",web
"[32, -32, 20, 537, -20, -178, 71, 859, -20, -20, -344, 859, -20, -344, 859, -20, -344, 20, 1222, -20, -344, 20]",web
"[32, -32, 20, 537, -20, -178, 71, 859, -20, -20, -344, 859, -20, -344, 859, -20, -344, 20]",web
"[32, -32, 20, 537, -20, -178, 71, 859, -20, -20, -344, 859, -20, -344, 859, -20, -344, 20]",web
"[32, -32, 20, 537, -20, -178, 71, 859, -20, -20, -344, 859, -20, -344, 859, -20, -344, 20]",web
"[32, -32, 20, 537, -20, -133, -4400, -595, 20, -358, -29, 20, 146, 125, 440, -32, -20, -20, -140, -71, 20, -98, 58, -8780, -1076, 20, -20]",web
"[21, -32]",web
"[21, -32]",web
"[21, -32]",web
"[32, -28, 20, 22, 48, -20, -20, -141, 20, -20, 20]",web
"[32, -28, 20, 22, 48, -20, -20, -125, 20, -20, 20]",web
"[1460, 1460, 1460, 1460, 1460, 1006, 1460, 1460, 1460, 1460, 1460, 1332, -20, -20, -20, -20, -20, -20, -918, 20, 1460, 1460, 1460, 1460, 1460, 1116, 1460, 1460, 1460, 1460, 635, -20, -20, -20, -20, -20, -918, 20, 1460, 1460, 1460, 1460, 1460, 1116, 1460, 1460, 1460, 1460, 652, -20, -20, -20, -20, -918, 20, 1460, 1460, 1460, 1460, 1460, 1116, 1460, 1460, 1460, 1460, 1460, 1460, 364, -20, -20, -20, -20, -20, -32, 1460, -20, -918, 20, 1460, 1460, 1460, 1460, 1460, 1117, 1460, 1460, 1460, 1460, 1460, 1460, 1460, 1460, 984, -20, -20, -20, -20, -20, -20, -20, -918, 20]",web
"[32, -32, 20, 537, -20, -4400, -1350, 20, 178, -20, -362, -89, 20]",web
"[1460, 1460, 1460, 1460, 910, 66, -20, -20, -20, -20, -20, -66, 20, -1480, -1480, -828, -106, 20, -1480, -1480, -1234, -493, -2940, -1178, -108, -1480, -1480, -1234, -1000, -1480, -1480, -1178, -108, 20, -1480, -1480, 20, -1234, -1480, -1480, 20, -1178, -108, -1480, -1480, 20, -1234, -70, -1480, -1480, -1178, -108, -1480, -1480, 20, -1232, -1480, -1480, -1178, -108, -1480, -1480, 20, -1234, -72, -1480, -1480, 20, -1178, -108, -1480, -1480, -1232, -1480, -1480, 20, -1178, -108, -2940, -401, -58, 20, 62, -20, 1460, 1460, 1460, 1460, 799, -20, -10240, 20, -13160, -206, -58, 20, 1460, 1460, 1460, 1460, 1460, 1460, 268, -20, -20, -20, -20, -32, 1460, -20, -17540, 20, -16080, -39, 20, -21920, 20, -10240, -773, -7320, 20, -1480, -130, -58, 20, 1460, 1460, 1460, 1460, 799, -20, -20, -20, -20, -1403, -58, 20, 1460, 1460, 1460, 1460, 605, -20, -20, -20, -20, -453, -58, 20, 1460, 1460, 1460, 1460, 1460, 398, 1460, 450, -20, -20, -2940, -429, 20]",web
"[1460, 1460, 1460, 1460, 1460, 1006, 1460, 1460, 1460, 1460, -20, 1460, 340, -20, -20, -20, -20, -20, -918, 20, 1460, 1460, 1460, 1460, 1460, 1163, 1460, 1460, 1460, 1460, 112, -20, -20, -20, -20, -20, -918, 20, 1460, 1460, 1460, 1460, 1460, 1116, 1460, 1460, 1460, 1460, 1460, 1138, -20, -20, -20, -20, -20, -20, -918, 1460, 1460, 1460, 1460, 1460, 1116, 1460, 1460, 1460, 1460, 615, -20, -20, -20, -20, -20, -918, 20, 1460, 1460, 1460, 1460, 1460, 1116, 1460, 1460, 1460, 1460, 1021, -20, -20, -20, -20, -20, -918, 20, 1460, 1460, 1460, 1460, 1460, 1116, 1460, 1460, 1460, 1460, 840, -20, -20, -20, -20, -32, 1460, -20, -918, 20, 1460, 1460, 1460, 1460, 1460, 1116, 1460, 1460, 1460, 1460, 925, -20, -20, -20, -20, -20, -948, 20, 20, -20]",web
"[152, 59, 115, 113, 116, -20, -20, -20, -20, -20, -59, -801, -802, -1480, -1025, -1480, -1480, -1480, -1480, -931, -7320, 20, 55, -1480, -1480, -1480, 20, -1480, -1480, -1480, -1480, -1480, -1480, -1480, -7320, 20, -7320, 20, -4400, 20, -1480, -1480, -7320, 20, -1480, -1480, -1480, 20, -7320, 20, -1480, -1480, -1480, -10240, 20, -1480, -1480, -1480, -1480, -1480, 20, -1480, -1480, -1480, -1480, -1480, -1480, -1480, -1480, -1480, -1480, 20, -1480, -1480, -1480, -2940, 20, -1480, -1480, -1480, -4400, 20, -1480, -1480, -1480, -4400, 20, -1480, -1480, -10240, 20, -7320, -498, 20, -5860, 20, -4400, 20, -20460, 20, -11700, 20, 177, -21920, 20, -11700, 20, -11700, 20, -11700, 20, -20460, 20, -2940, 20, -20, -5860, 20, -11700, 20, -23380, 20, -5860, 20, -1480, -1480, -5860, 20, -1480, -1480, -1480, -1480, -1480, -1480, 20, -1480, -1480, -1480, 20, -1480, -1480, -1480, 20, -1480, -1480, -1480, 20, -1480, -1480, -1480, 20, -1480, -1480, -1480, 20, -1480, -1480, -1480, 20, -1480, -1480, -1480, 20, -1480, -1480, -1480, -1480, -1480, -1480, -1480, -1480, -1480, -1480, 20, 114, -20, -665, -1480, -1223, -1480, -1480, -1203, 20, -1480, -1480, -1480, 20, -1480, -1480, -926, 20, -1480, -1480, -1480, 20, -1480, -1480, -1480, -1081, -4400, -245, 20, 184, 157, 165, -20, -785, -1480, -622, -2940, -1203, -7320, -926, -4400, 20, -2940, 20, -8780, -252, 20, -20460, 20, -2940, 20, -17540, -133, 20, -1371, -53, -51, 20, 157, 151, -20, -781, -1480, -702, 20, -1480, -646, 20, -1480, -1471, -51, 20, 180, 118, 120, 254, -20, -803, -801, -1480, -1389, -1480, 20, -1480, -1203, -1480, -904, -7320, -926, -7320, 20, -13160, -95, 20, -21920, -752, 20, -8780, -1059, -1480, -1101, -2940, -1203, -1480, 20, -5860, -926, 20, -5860, -1251, -11700, -680, 20, 119, 178, 180, 179, 118, -20, -803, -802, -2940, -35, -5860, -104, -7320, 20, -926, -16080, -403, 20, -20460, -1238, 20, -11700, -1295, -8780, 20, -4400, -772, -1480, 20, -646, 20, -1480, -224, -53, -51, 20, 109, -664, -1480, -925, -2940, -1203, -7320, -926, -1480, 20, -4400, 20, -2940, -1379, 20, -16080, -576, 20, 109, -1357, -53, -51, 20, 1480, 92, -20, -1480, -455, -703, -51, 20, 111, 106, -664, -1480, -1402, -2940, -1203, -7320, -926, -4400, 20, -4400, -902, 20, -663, -1480, -110, -2940, -1203, -7320, 20, -926, -4400, -455, 20, 267, -20, 154, 156, 160, 142, 150, 154, 113, 119, 159, 116, 146, 180, 168, 121, 119, 179, 113, 112, 138, 179, -20, 120, -1580, -413, -1582, -324, -1120, -320, -82, 20, -1251, -801, -376, -51, -20, -793, -2940, -72, -2940, -1203, -4400, 20, 179, -2940, -926, -16080, -403, 20, -17540, -713, 20, 116, 179, 131, -20, -803, -802, -1108, -1480, -764, -1480, -1480, -1203, -1480, -1480, -1480, -1480, -1480, -926, 20, -1480, -1480, -1480, -1480, -338, -1480, -1480, -1480, -1480, -1480, -1480, -1480, -1480, -711, 20, -801, -1480, -790, 20, -2940, -1203, -2940, -1203, 20, -2940, 20, 124, 132, 120, -8780, -649, -11700, 20, -21920, 20, 120, 118, 178, 179, 122, -2940, -1431, -16080, -897, 20, -13160, -1362, 20, -1480, -521, -1480, -615, -1480, -925, -4400, -525, -7320, 20, 124, 122, -1480, -1185, -7320, -957, -10240, 20, -21920, 20, -14620, 20, -4400, -488, -16080, 20, -7320, 20, 20, -23380, 20, 115, 136, -20460, 20, -20460, 20, -21920, 20, -19000, 20, -23380, 20, -21920, 20, -21920, 20, -5860, 20, -21920, 20, -17540, 20, -21920, 20, -21920, 20, -21920, 20, -21920, 20, -4400, 20, -21920, 20, 108, -21920, 20, -21920, 20, -21920, 20, -4400, 20, 20, -21920, 20, 104, -21920, 20, -21920, 20, -21920, 20, -4400, 20, -1480, -1480, -1480, -1480, -1480, -1480, -1480, -1480, -1480, -1480, -1480, -1480, -1480, -1480, -1480, 20, -1480, -1480, -1480, -1480, -1480, -1480, -1480, -1480, -1480, -1480, -1480, -1480, -1480, -1480, -1480, 20, -1480, -1480, -1480, -1480, -1480, -1480, -1480, -1480, -345, 20, -664, -1480, -1026, -2940, -1203, -1480, -646, 20, -664, -1480, -602, -2940, -1203, -2940, -1203, -7320, -926, -1480, 20, -10240, -711, 20, 125, -801, -659, -51, 20, -1480, -262, -84, 20, 107, -733, -982, -51, 20, 118, -802, -1480, -1453, -2940, -1203, -7320, -926, -2940, -1203, 20, -4400, -1128, -10240, -755, -4400, 20, -8780, -1306, 20, 123, 290, 331, 103, -802, -1142, -2940, -1203, -2940, -1203, -1480, -646, 20, -20, -664, -1480, -246, -2940, -1203, -2940, -1203, -5860, 20, -338, -51, -2940, -208, -84, 20, 119, -801, -1103, -2940, -1203, -7320, -926, 20, -10240, -1201, -8780, -436, 20, 130, -802, -1480, -84, -2940, -1203, -2940, -1203, -5860, 20, -1480, -926, -1480, 20, -4400, -1037, -14620, -1195, 20, 279, 232, 279, -1480, -83, -53, -51, 20, -1480, -82, -53, -51, 20, 108, 112, -1480, -83, -53, -51, 20, -1371, -84, 20, -731, -1264, -51, 20, 103, -1480, -441, -2940, -1150, -2940, -1203, -1480, -646, 20, 180, 179, 315, 111, -20, -800, -801, -1480, -577, -1480, -1174, -2940, -1203, -2940, -1234, -51, 20, 109, -1480, -82, -53, -51, 20, 253, -731, -617, -51, 20, -1357, -53, -51, 20, 104, -20, -1480, -427, -722, -51, 20, -1480, -223, -53, -51, 20, 279, -1480, -83, -53, -51, 20, 279, -1480, -83, -53, -51, 20, 331, -1480, -82, -53, -51, 20, 103, -664, -1480, -190, -2940, -1203, -7320, -926, -1480, -646, 20, 267, 314, -20, -1480, -82, -53, -51, 20, -1480, -261, -53, -51, 20, 121, -801, -1480, -676, -2940, -1203, -2940, -1203, -5860, -338, -51, 20]",web
"[32, -28, 20, 22, 49, -20, -20, -126, 20, -20, 20]",web
"[32, -28, 20, 22, 49, -20, -20, -110, 20, -20, 20]",web
"[32, -28, 22, 49, -20, -20, -96, 20, -20, 20]",web
"[32, -28, 20, 22, 52, -20, -20, -240, 20, -20, 20]",web
"[32, -32, 20, 607, -20, -4400, -1350, 20, 178, -20, -362, -89, 20]",web
"[32, -32, 20, 621, -20, -284, 100, -20, -291, 20, 118, 592, -20, -20, -81, -51, -83, -1480, -53, -51, 32, 20, 20, 51, 281, -20, -20, -1480, -83, -53, -51, 20]",web
"[32, -32, 20, 555, -20, -166, 71, 125, 511, -20, -20, -20, -88, -58, 20, -362, -1460, -372, 20, 58, -58, 20, 116, 126, 127, 127, 123, 63, -20, -20, -357, -1214, 20, -2900, 20, -2900, 20, -2900, 20, -2900, 20, -2900, 20, -2900, 20, -2900, 20, -2900, 20, -2900, 20, -2900, 20, -2900, 20, -2900, 20, -8660, 20, -2900, 20, -20, -2900, 20, -2900, 20, -2900, 20, -2900, 20, -2900, 20, -2900, 20, -2900, 20, -2900, 20, -2900, 20, 126, -1460, -572, 20, -362, -1460, -1038, 20, -58, 20, 123, -360, -1460, -666, 20, -58, 20]",web
"[32, -32, 20, 537, -5860, -452, 20, 113, -71, -89, 20]",web
"[32, -32, 20, 606, -20, -170, 71, -20, -89, 20, 125, 58, 1420, 1420, 1420, 991, 1420, 1420, 1420, 993, -20, -58, -20, -20, -20, -20, -20, -20, -528, -58, 20, -4340, -1458, 20, 1420, 1420, 265, -20, -20, -5780, -34, 20]",web
"[1480, 1480, 1480, 1480, 1480, 259, -20, -20, -20, -20, 1480, 1480, 1480, 1480, 1480, 511, -20, -20, -20, -20, -20, -20, -1480, -419, -766, -570, 20, 55, -20, -2940, -715, -51, 20, -1480, -633, -1305, -1075, 20, 1480, 1480, 1480, 1480, 1480, 524, -20, -20, -20, -20, 1480, 1480, 1480, 1480, 1480, 547, 1480, 1480, 1480, 1480, 1480, 588, -20, -20, -20, -20, -20, -20, -20, -1480, -671, -1238, -2940, -1203, 20, -7320, 20, -4400, 20, -2940, -1349, 20, -1480, -644, -208, -51, 20, 1480, 1480, 1480, 1480, 1480, 536, 1480, 1480, 1480, 1480, 1480, 547, 1480, 1480, 1480, 1480, 1480, 489, -20, -20, -20, -20, -20, -20, -20, -20, -20, -1480, -646, -547, -51, -20, 20, -20, -20, -20, -20, 1480, 1480, 1480, 1480, 1480, 572, -20, -20, -20, -20, -20, 1480, 1480, 1480, 1480, 1480, 510, -20, -20, -20, -20, -20, -20, -1480, -645, -239, 20, -1480, -639, -434, -51, 20, 1480, 1480, 1480, 1480, 1480, 536, 1480, 1480, 1480, 1480, 1480, 547, -20, -20, -20, -20, -20, -1480, -648, -145, -51, 20, 1480, 1480, 1480, 1480, 1480, 588, -20, -20, -20, -1480, -383, -561, -51, 20, -1480, -643, -208, -51, 20, 1480, 1480, 1480, 1480, 1480, 547, -20, -20, -20, -1480, -645, -561, -51, 20, -1480, -385, -643, -51, 20, -1480, -630, -1306, -663, 20, -1480, -643, -239, 20, 1480, 1480, 1480, 1480, 1480, 571, -20, -20, -20, -1480, -650, -145, -51, 20, 1480, 1480, 1480, 1480, 1480, 524, -20, -20, -20, -1480, -674, -1237, -2940, -1203, 20, -7320, 20, -7320, 20, -1246, 20]",web
"[115, 59, -59, -679, -490, -51, 20, 55, -20, 1480, 301, -32, -20, -1480, -639, -148, -51, 20, 1480, 177, -32, -20, -1480, -642, 20, -148, -51, 20]",web
"[1460, 1460, 1460, 1460, 1012, 66, -20, -20, -32, -20, -66, -153, 20, 62, -20]",web
"[620, 59, -32, -20, -59, -361, 20]",web
"[32, -28, 20, 22, 58, -20, -20, -157, 20, -20, 20]",web
"[32, -28, 20, 22, 58, -20, -20, -141, 20, -20, 20]",web
"[32, -32, 20, 537, -20, -2940, -979, 20, 146, 125, 449, -32, -20, -20, -278, -88, -58, -398, -1480, -1063, -1480, -622, -58, 20, 58, -20, 88, -20, -397, -5860, 20, 62, -2940, 20, -2940, 20, -2940, 20, -2940, 20, -2940, 20, -2940, 20, -2940, 20, -2940, 20, -2940, 20, -2940, 20, -2940, 20, -1480, -1480, 20, -1480, -1480, 20, -2940, 20, -2940, 20, -2940, 20, -2940, 20, -2940, 20, -1480, -1480, 20, -2940, 20, -2940, 20, -2940, 20, -2940, 20, -324, 20, 166, -20, -368, -101, -58, 20]",web
"[32, -28, 20, 22, 61, -20, -20, -159, 20, -20, 20]",web
"[32, -32, 20, 537, -20, -133, -4400, -597, 20, -358, -29, 20, 146, 125, 447, -20, -260, 20, 58, -20, -58, -281, 20, -20, 513, 499, -32, -20, -229, -273, -58, 20, 496, -229, 20, -275, -58, 20, 497, -229, -1472, 20, -68, -58, 20, -229, -1473, -68, -58, 20]",web
"[32, -32, 20, 537, -5860, -474, 20, 178, -71, 20]",web
"[32, -28, 20, 22, 63, -20, -20, -300, 20, -20, 20]",web
"[32, -28, 20, 22, 63, -20, -20, -180, 20, -20, 20]",web
"[32, -28, 20, 22, 63, -20, -20, -180, 20, -20, 20]",web
"[32, -32, 20, 537, -2940, -1323, 20, 178, -71, 772, -20, -1480, -880, 20, 689, -20, -2940, -64, 20, 754, 747, -20, -4400, -781, 20, 754, 1010, -20, -4400, -1369, 20]",web
"[21, -32]",web
"[32, -32, 20, 537, -20, -2940, -979, 20, 146, -20, -278, 20]",web
"[32, -28, 20, 22, 53, -20, -20, -113, 20, -20, 20]",web
"[32, -24, 20, 22, 55, -20, -20, -110, 20, -20, 20]",web
"[32, -32, 20, 537, -5860, -386, 20, 178, 125, 1460, 66, -32, -20, -32, -20, -71, -89, 20, 58, -605, -58, 20, -20]",web
"[32, -32, 20, 537, -20, -2892, -1361, 20, 84, 118, 448, -20, -20, -79, -20, -230, -1456, 32, 20, 51, -20]",web
"[32, -32, 20, 537, -20, -4400, -346, 20, 146, 125, 1460, 1460, 275, -20, -20, -20, -278, -98, 20, 58, -20, -20, -2940, -108, 20, 1460, 1331, -20, -542, 20]",web
"[32, -32, 20, 537, -340, -2940, 32, 20, 146, -262, 1480, 1480, 1030, -20, -332, 20, -51, -20, 20]",web
"[32, -28, 20, 22, 54, -20, -20, -56, 20, -20, -20, 20]",web
"[32, -28, 20, 22, 54, -20, -20, -56, 20, -20, -20, 20]",web
"[32, -32, 20, 537, -20, -133, -4340, -424, -358, -29, 20, 146, 125, 1460, 1460, 174, -20, -260, 20, -58, -20, 58, -466, -58, 20, -20]",web
"[32, -32, 20, 537, -20, -2940, -1094, 20, 100, 118, 1480, 1480, 163, -20, -20, -20, -32, -20, -562, 20, -81, -51, 20, 51, -621, -102, 20, -61, -51, 20, -20]",web
"[32, -32, 20, 537, -20, -1380, -788, 20, 84, 118, 1380, 1380, 410, -20, -557, 51, -20, -20, -20, -590, -51, 20]",web
"[32, -32, 20, 537, -1480, -1480, -1196, 20, -364, 20, 27, 20, -20, -20, -20, 20]",web
"[32, -32, 20, 537, -20, -133, -4400, -582, -358, -29, 20, 146, 125, 1480, 1480, 160, -29, 32, -20, -140, -71, -98, 20, 58, -20, -2940, -35, 20, -35, 32, -20, 1480, 1221, -20, -179, -58, 20, -58, 32]",web
"[32, -32, 20, 537, -20, -133, -2940, 20, -1480, -591, 20, -358, -29, 20, 146, 125, 1480, 1480, 211, -140, -71, -98, 20, -32, -20, 58, -425, -58, 20, -20]",web
"[32, -32, 20, 537, -20, -20, -656, -1432, -1275, 32, 20, 84, 118, 1432, 1432, 276, -574, 20, 51, -20, -51, -20, -153, 20, 59, -20]",web
"[32, -32, 20, 537, -20, -4256, -463, 20, 84, 118, 1432, 1432, 275, -32, -32, -20, -606, -51, 51, -153, 59, -20, -20]",web
"[32, -24, 20, 537, -20, -1480, -1297, 20, 113, 1480, 1480, 1480, 1480, 1286, -20, -20, -20, -20, -20, -20, -294, -2940, -1362, 20, 1480, 1480, 1480, 1480, 1399, -20, -20, -20, -1480, -612, 20, 1480, 1480, 1480, 1480, 1399, -20, -20, -607, -1480, 20, 20]",web
"[32, -32, 20, 537, -20, -2940, -1196, 20, -1480, -1383, 20, 100, 118, 1460, 1460, 182, -20, -20, -20, -307, -378, 20, 51, -5860, 20, -669, 20, -20]",web
"[21, -32]",web
"[125, -20, -187, 20]",web
"[1460, 1460, 366, 1060, -20, -20, -197, -1480, -800, -1480, -1480, -1480, -208, -1480, 32, 20, 32, 32, 20, 62, -1480, -1139, 20, -20, -66, -58, 20, 514, 264, 263, 266, 265, 266, 266, -20, -20, -20, -170, 20, -921, 20, 281, 281, 288, -20, -20, -171, 20, -321, 20]",web
"[32, -32, 20, 537, -20, -20, -2940, -1196, 20, -364, 20, 27, 20, -20, -20, 20]",web
"[32, -32, 20, 537, -20, -1432, -656, -1275, 20, 84, -574, 20]",web
"[261, -20, -4400, -1480, -1480, -1480, -1480, -7320, 32, 20, 32, 20, 20, 62, -1480, -1480, -1480, -17540, 32, 20, 20, -1480, -1480, -1480, -1480, -16080, 32, 20, 32, 20, 20, -4400, -984, -177, -58, 32, 20, 20, -20, 934, 906, 876, 270, 271, 270, 270, 270, -20, -32, -20, -11700, -1388, -1480, -7320, 32, 20, 20, -7320, 20, -8780, -196, -1480, -4400, -1480, -2940, -637, 32, 20, 32, 20, 20, -58, -2940, 20, -1480, -1480, -1480, -17540, 32, 20, 20, -575, -4400, -1480, -1480, -1480, -1480, -5860, -1480, -1480, -1480, 32, 20, 32, 20, 32, 20, -10240, -792, -58, -8780, 20, -4400, -1059, -172, -7320, -1480, -1480, 32, 20, -1480, -1480, -1480, -2940, -999, -1480, -58, -7320, 32, 20, 32, 20, 20, -4400, 20, -1480, -1480, -1480, -8780, -182, -58, 32, 20, 20, 890, 235, 270, -20, -14620, -1480, -1480, -2940, -59, -58, 32, 20, 20, -5860, -1480, -2940, -11700, 32, 20, 20, -4400, -1480, -1480, -1480, -1480, -11700, 32, 20, 32, 20, 20, -8780, -1480, -1480, -4400, -813, -1480, -58, 32, 20, 32, 20, -482, -58, 20, 771, 270, 951, -20, -4400, -1480, -1480, -4400, -1480, -1480, -7320, 32, 20, 32, 20, 20, -21920, 20, 62, -4400, -1480, -1480, -7320, -1480, -2940, -2940, -177, 32, 20, 32, 20, 20, -10240, -1480, -1480, -2940, -1456, -58, 32, 20, 20, -4400, 20, -4400, 20, -1480, -1348, -58, 20, -20, -14620, -1325, -58, 20, -20]",web
"[32, -24, 20, 537, -20, -1480, -1298, 20, 113, 1480, 1480, 1480, 1480, 1480, 1480, 1480, 474, -20, -20, -20, -20, -20, -20, -294, -20, -20, -2940, -1051, 20, -1480, 20, 1480, 1480, 1480, 1480, 1480, 1480, 1480, 433, -20, -20, -20, -20, -2940, -1480, -1051, 20, 20, 1480, 1480, 1480, 1480, 1470, -20, -20, -20, -4400, -1052, 20]",web
"[1203, 1460, 232, -20, -32, -471, 20]",web
"[32, -32, 20, 635, -20, -290, 100, 1460, 1460, 1460, 1460, 1460, 509, -20, -307, -20, -20, -20, -20, -2900, -2900, 20, -2900, 20, -2900, 20, -2900, 20, -1460, -1165, 20, 1460, 1460, 1460, 1460, 1460, 509, -20, -20, -20, -2900, 20, -2900, -4340, 20, -1460, 20, -10100, 20, -4340, -2900, 20, -4340, -289, 20, 1460, 1460, 1460, 1460, 1460, 509, -20, -5780, 20, -5780, 20, -4340, -1165, 20, 1460, 1460, 1460, 1460, 1460, 509, -20, -7220, 20, -4340, 20, -2900, 20, -1460, -1164, 20]",web
"[32, -32, 20, 635, -20, -290, 100, 1460, 1460, 1460, 1460, 1460, 509, -20, -307, -20, -20, -20, -2900, -1460, -1460, 20, -2900, 20, -5780, 20, -2900, 20, -2900, 20, -2900, 20, -2900, 20, -2900, 20, -2900, 20, -1460, -291, 20, 1460, 1460, 1460, 1460, 1460, 554, -20, -20, -20, -1460, -309, 20, 1460, 1460, 1460, 1460, 1460, 553, -20, -20, -20, -1460, -628, 20, 1460, 1460, 1460, 1460, 1460, 508, -20, -5780, 20, -2900, -2900, 20, -2900, 20, -1460, -1164, 20]",web
"[32, -32, 20, 537, -20, -2900, 20, -1236, -1460, 20, -342, 100, 1460, 1460, 1460, 1460, 1460, 509, -20, -594, -20, -20, -20, -20, 20, -20, -1460, -4340, 20, -1460, -8660, -1164, 20, 1460, 1460, 1460, 1460, 1460, 509, -20, -20, -20, -20, -5780, 20, -2900, -148, 20, 1460, 1460, 1460, 1460, 1460, 508, -20, -20, -20, -2900, 20, -5780, 20, -2900, 20, -5780, 20, -2900, 20, -2900, 20, -2900, 20, -5780, 20, -1460, -290, 20]",web
"[32, -32, 20, 537, -20, -2900, -1236, 20, -1460, 20, -342, 100, 1460, 1460, 1460, 1460, 1460, 508, -20, -594, 20, -20, -20, -20, -20, -2900, 20, -2900, 20, -2900, 20, -2900, 20, -2900, 20, -2900, 20, -2900, 20, -2900, 20, -2900, 20, -2900, 20, -2900, 20, -2900, 20, -1460, -1460, 32, 20, -2900, 20, -2900, 20, -2900, 20, -1460, -1460, -2900, 20, -2900, 20, -2900, 20, -2900, 20, -2900, 20, -1460, -1422, 20, 1460, 1460, 1460, 1460, 1460, 508, -20, -20, -20, -20, -20, -5780, 20, -2900, 20, -2900, 20, -5780, 20, -5780, 20, -2900, 20, -5780, 20, -2900, 20, -5780, 20, -2900, 20, -12980, 20, -8660, -1421, 20]",web
"[32, -32, 20, 537, -20, -2900, -1236, 20, -1460, 20, -342, 100, 1460, 1460, 1460, 1460, 1460, 509, -20, -20, -307, -20, -307, -20, 20, -20, -20, -20, -2900, 20, -2900, 20, -2900, 20, -1460, 32, -1460, 20, -2900, 20, -1460, -1460, 20, -2900, 20, -2900, 20, -2900, 20, -2900, 20, -1460, -1460, 20, -290, -1460, 32, 20, 1460, 1460, 1460, 1460, 1460, 509, -20, -20, -20, -20, -20, -5780, 20, -5780, 20, -4340, -1164, 20, 1460, 1460, 1460, 1460, 1460, 508, -20, -20, -20, -2900, 20, -5780, 20, -2900, 20, -2900, -1162, -1460, 32, 20]",web
"[32, -32, 20, 537, -20, -2900, -1236, 20, -1460, 20, -342, 100, -20, -594, 20, 1460, 1460, 1460, 1460, 1460, 509, -20, -20, -20, -20, -5780, 20, -2900, 20, -2900, 20, -8660, 20, -5780, -1460, -1460, -2900, 32, 20, 20, -289, -1460, 32, 20]",web
"[32, -28, 20, 22, 67, -20, -20, -133, 20, -20, 20]",web
"[32, -28, 20, 22, 67, -20, -20, -293, 20, -20, 20]",web
"[32, -28, 20, 22, 67, -20, -20, -150, 20, -20, 20]",web
"[32, -32, 20, 537, -20, -4900, 20, -1131, 84, 118, 440, -20, -20, -20, -166, -91, 20, 51, -1240, -1240, -1240, -1240, 20, -2460, 20, -2460, 20, -2460, 20, -2460, 20, -2460, 20, -2460, 20, -2460, 20, -2460, 20, -2460, 20, -2460, 20, -2460, 20, -2460, 20, -2460, 20, -1240, -490, 20, -20]",web
"[32, -32, 20, 537, -20, -2892, -1361, 20, 84, 118, 422, -20, -20, -20, -79, -20, 51, -94, -1456, 32, 20, -20]",web
"[32, -28, 20, 537, 537, -2940, -467, 20, 100, -594, 20, -594, 20, -594, 20]",web
"[32, -28, 20, 22, 54, -20, -20, -56, 20, -20, -20, 20]",web
"[32, -28, 20, 22, 54, -20, -20, -56, 20, -20, -20, 20]",web
"[32, -32, 20, 537, -20, -2940, -730, 20, 100, 721, -20, -20, -594, 20, -736, 20]",web
"[32, -28, 20, 22, 56, -20, -20, -159, 20, -20, 20]",web
"[32, -32, 20, 350, -20, -39, -1460, 32, 20]",web
"[1025, -20, -376, 62, 987, 985, 987, 987, 986, 986, -20, -732, 20, -20, -20, -1088, -376, 20, 603, 603, 603, -20, -376, 62, -376, -376, 20, -20]",web
"[21, -32]",web
"[1273, -476, 1271, -476, 1295, -476, 20]",web
"[32, -28, 20, 22, 57, -20, -20, -109, 20, -20, 20]",web
"[32, -28, 20, 22, 57, -20, -20, -93, 20, -20, 20]",web
"[32, -28, 20, 22, 57, -20, -20, -93, 20, -20, 20]",web
"[590, 556, 538, 549, -20, -20, -1460, -1460, -1460, -1460, -1460, -1460, -1460, -1460, -1460, -1460, 20, -15860, 20, 62, -15860, 20, -1460, 20, -18740, 20, -1460, 20, -12980, -940, -4340, 20, -2900, 20, -21620, 20, -2900, 20, -2900, -265, 20, 471, 585, -20, -14420, 20, -15860, 20, -4340, -1427, 20]",web
"[150, -14420, 20, -15860, 20, 62, -17300, 20, -10100, -479, 20]",web
"[32, -32, 20, 537, -20, -2940, -1196, 20, -839, 20, 113, 125, 540, -20, -294, -98, 20, 58, -302, 20, -20]",web
"[1295, -476, 1271, -476, 20]",web
"[32, -32, 20, 537, -20, -4400, -572, 20, 146, -278, 20]",web
"[32, -32, 20, 537, -1480, -1196, -1480, -107, 32, 20, 20, 84, 1480, 1480, 947, -20, -178, 20, -4400, -127, -47, 20, 1480, 1480, 953, -20, -1140, 20, -44, -20, 20, 20, 20]",web
"[32, -32, 20, 537, -20, -2940, -1196, 20, -1092, 20, 113, 125, 540, -20, -294, -98, 20, 58, -384, 20, -20]",web
"[32, -32, 20, 537, -2940, -1323, 20, 178, -71, 1460, 708, -20, -1480, -116, -1480, 32, 20]",web
"[32, -32, 20, 537, -20, -4400, -828, 20, 146, -278, 1333, -476, 20]",web
"[32, -32, 20, 537, -20, -4400, -828, 20, 146, -278, 1340, -476, 20]",web
"[32, -32, 20, 325, -20, -1460, -344, 20]",web
"[32, -28, 20, 537, -2940, -467, 20, 100, 118, 463, -20, -20, -307, -371, 20, 51, -475, 89, -20, 89, -475, 20, -20, -149, 20, -149, 20]",web
"[32, -32, 20, 537, -20, -133, -4400, -597, 20, -358, -29, 20, 146, 125, 962, 620, -20, -140, -71, -98, 20, 58, -202, -201, 20, -20]",web
"[32, -24, 20, 539, -20, -176, 71, 1480, 1480, 1480, 1480, 1470, -20, -20, -20, -20, -20, -1480, -1480, -1480, -1052, 20, 20, 20]",web
"[32, -24, 20, 539, -20, -176, 71, -20]",web
"[32, -32, 20, 325, -20, -1460, -212, 20]",web
"[32, -32, 20, 537, -20, -2892, -1293, 20, 84, 118, 521, -32, -20, -79, 51, -32, 552, -32, -1220, 20]",web
"[32, -32, 20, 537, -5860, -1322, 20, 178, -71, 656, 1460, 249, -32, -20, -443, -2940, 32, 20, 20, -20]",web
"[32, -32, -32, -32]",web
"[32, -32, 20, 537, -2900, -1094, 20, 178, -71, 1420, 1420, 1420, 1420, 760, -20, -20, -4340, -1201, 20]",web
"[32, -32, 20, 537, -20, -4900, -1120, 20, 84, 118, 459, -20, -20, -166, -91, -20, -4900, -291, 20, 51, -20]",web
"[32, -32, 20, 537, -5860, -1322, 20, 178, -71, 1460, 877, -32, -20, -656, 20, 20, -20]",web
"[32, -32, 20, 537, -20, -4900, 20, -1120, 84, 118, 435, -20, -20, -166, -91, 20, 51, -20, -2460, -308, 20, -20, 116, -20, -2460, 20, -9780, 20, -808, 20, 94, -20, -2460, 20, -2460, 20, -2460, 20, -2460, 20, -2460, 20, -2460, 20, -2460, 20, -672, 20]",web
"[32, -32, 20, 537, -119, 405, -2900, -1229, 20, 94, 634, -20, -123, -803, 20, 1420, 487, -20, -18740, 20, -10100, -780, 20, -47, 20]",web
"[32, -32, 20, 537, -20, -4400, -1350, 20, 178, 125, 507, -20, -20, -362, -89, 20, 58, -58, 20, -1480, -73, -58, 20]",web
"[32, -32, 20, 537, -20, -5780, -419, 20, 178, 125, 463, -20, -20, -362, -89, 20, 58, -10100, -115, -58, 20, 118, -20, -20, -1460, -1460, -1460, 20, -1460, -1460, -1460, 20, -1460, -1460, -1460, 20, -1460, -1460, -888, 20, -1460, -1460, -1460, 20, -1460, -1460, -1460, 20, -1460, -1460, -1460, 20, -1460, -1460, -631, -937, -58, 20, 118, -20, -15860, -532, -58, 20]",web
"[20, -20, 20, -51, -237, 32, 20]",web
"[32, -32, 20, 537, -20, -1460, -1460, -1460, -1460, -209, 20, 178, 125, 480, -20, -362, -89, 20, 58, -15860, -1302, -2900, 20, -2900, 20, -4340, 20, -1460, -1460, -1460, -1460, -1460, -525, 20]",web
"[32, -32, 20, 537, -20, -5780, -419, 20, 178, 125, 572, -20, -20, -362, -89, 20, 58, -58, 20, -1269, -58, 20]",web
"[32, -32, 20, 537, -5860, -1322, 20, 178, -71, 656, 1460, 310, -32, -20, -1480, -35, 20, 20, -20]",web
"[-66, -51, -20, 20, 20, -20]",web
"[-51, -20, 20, 20, -20]",web
"[21, -32]",web
"[-20, 20]",web
"[20, -20, 20, -237, -51, 20]",web
"[32, -28, 20, 22, 71, -20, -20, -181, 20, -20, -20, 20]",web
"[32, -32, 20, 537, -5860, -475, 20, 178, -71, 877, -629, 20]",web
"[32, -32, 20, 537, -20, -1480, -1480, -1480, -1480, -475, 20, 178, -71, 1282, 1460, 1460, 1460, 1460, 1460, 1460, 931, -20, -20, -20, -20, -780]",web
"[21, -32]",web
"[32, -32, 20, 537, -20, -2940, -734, 20, 100, 664]",web
[32],web
"[32, -32, 20, 537, -20, -1456, -1456, -1456, -990, 20, 84, 118, 1460, 1460, 1032]",web
"[-20, 20]",web
"[32, -28, 20, 22, 48, -20, -20, -141, 20, -20, 20]",web
"[32, -28, 20, 22, 48, -20, -20, -208, 20, -20, 20]",web
"[1460, 1460, 1460, 1460, 1460, 1006, 1460, 1460, 1460, 1460, 1460, 1345, -20, -20, -20, -20, -20, -20, -918, 20, 1460, 1460, 1460, 1460, 1460, 1163, 1460, 1460, 1460, 1460, 136, -20, -20, -20, -20, -20, -948, 20, 20, -20]",web
"[1460, 1460, 1460, 1460, 1460, 1006, 1460, 1460, 1460, 1460, 1460, 337, -20, -20, -20, -20, -20, -32, -20, -918, 20, 1460, 1460, 1460, 1460, 1460, 1116, 1460, 1460, 1460, 1460, 1460, 1161, -20, -20, -20, -918, 20]",web
"[1460, 1460, 1460, 1460, 983, 66, -20, -20, -20, -20, -20, -66, 20, -2940, -737, -106, -2940, -1234, -493, -2940, -1178, -108, -2940, -1234, 20, -1000, -2940, -1178, -108, -2940, -1232, -2940, -1178, -108, -2940, -1234, -72, 20, -2940, -1178, -108, -2940, -1232, -2940, -1178, -108, -2940, -1234, -72, 20, -1480, -1480, -1178, -108, -2940, -1232, -2940, -1178, -108, -2940, -401, -58, 20, 62, -20, 1460, 1460, 1460, 1460, 1460, 408, 1460, 450, -20, -20, -20, -20, -20, -20, -20, -20, -2940, -429, 20]",web
"[32, -32, 20, 607, -20, -5860, -1216, 20, 178, -20, -362, -89, 20]",web
"[32, -32, 20, 537, -20, -1460, -1460, -720, 20, 146, 125, 511, -20, -294, -20, -20, -88, -58, -364, -1460, -824, -1460, -680, 20, 58, 116, 116, 126, 127, 126, 123, -20, 63, 63, 63, 63, 63, 63, -20, -356, -1460, -1050, 20, -2900, 20, -2900, 20, -2900, 20, -2900, 20, -2900, 20, -2900, 20, -2900, 20, -2900, 20, -2900, 20, -5780, -8660, 20, -2900, 20, -2900, 20, -2900, 20, -2900, 20, -2900, 20, -2900, 20, -2900, 20, -2900, 20, -2900, 20, -2900, 20, -2900, 20, -1460, 20, -20, -20, -2900, 20, -2900, 20, -2900, 20, -2900, 20, -2900, 20, -2900, 20, -2900, 20, -2900, 20, -2900, 20, -2900, 20, -2900, 20, -2900, 20, -2900, 20, -1460, -1460, 20, -2900, 20, -2900, 20, -2900, 20, -2900, 20, -2900, 20, -2900, 20, -2900, 20, -2900, 20, -12980, 20, -2900, 20, -2900, 20, -2900, 20, -2900, 20, -2900, 20, -2900, 20, -2900, 20, -2900, 20, -2900, 20, -2900, 20, -2900, 20, -2900, 20, -2900, 20, -2900, 20, -2900, 20, -2900, 20, -2900, 20, -2900, 20, -1460, 20, -2900, 20, -2900, 20, -2900, 20, -2900, 20, -2900, 20, -2900, 20, -2900, 20, -2900, 20, -2900, 20, -2900, 20, -2900, 20, -2900, 20, -2900, 20, -2900, 20, -8660, -5780, 20, -2900, 20, -2900, 20, -2900, 20, -1460, -2900, 20, -2900, 20, -2900, 20, -1460, -1460, 20, -2900, 20, -2900, 20, -2900, 20, -2900, 20, -2900, 20, -2900, 20, -2900, 20, -2900, 20, -2900, 20, -2900, 20, -2900, 20, -2900, 20, -2900, 20, -2900, 20, -2900, 20, -2900, 20, -2900, 20, -2900, 20, -1460, 20, -2900, 20, -1460, -1299, 20]",web
"[32, -32, 20, 537, -1480, -1480, -1480, -452, -1480, 32, 20, 32, 32, 20, 113, -71, -89, 20]",web
"[254, 59, 108, -20, -20, -59, -20, -1371, -53, -51, 20, 55, -20, -1480, -223, -53, -51, 20, 110, -20, -1357, -53, -51, 20, 1480, 556, -20, -1480, -466, -713, -51, 20, 335, -20, 219, -20, -416, -51, 20, 290, 330, -20, -20, -1480, -82, -53, -51, -1480, -82, -53, -51, 20, -1480, -261, -53, -51, 20, 280, -20, -1480, -83, -53, -51, 20, 232, -1480, -82, -53, -51, 20, 313, 103, -1480, -82, -53, -51, 20, -1480, -429, -2940, -1150, -2940, -1203, -1480, -646, 20, 254, 104, -20, -1480, -428, -722, -51, 20, 279, 279, -1480, -223, -53, -51, 20, -1480, -83, -53, -51, 20, -1480, -83, -53, -51, 20, 331, -1480, -82, -53, -51, 20, 314, -1480, -82, -53, -51, 20, 267, -20, -1480, -262, -84, 20]",web
"[1480, 1480, 1480, 1480, 1480, 278, 59, -20, -20, -20, -20, -20, -20, -59, -1480, -355, -637, -801, -2940, -453, 20, -51, 55, -20, 1480, 1480, 1480, 1480, 1480, 530, -20, -20, -20, -20, -1480, -633, -1307, -2940, -128, 20, -51, 20, 1480, 1480, 1480, 1480, 1480, 606, 1480, 1480, 1480, 1480, 1480, 566, -20, -20, -20, -20, -20, -20, -20, -20, -20, 1480, 1480, 1480, 1480, 1480, 544, -20, -20, -20, -20, -20, -20, -1480, -645, -550, -51, 20, -1480, -647, -372, -51, 20, 1480, 1480, 1480, 1480, 1480, 556, -1480, -671, -1238, -2940, -1203, 20, -14620, 20, -1141, -20, -20, -20, -20, 1480, 1480, 1480, 1480, 1480, 566, -20, -20, -20, -20, 1480, 1480, 1480, 1480, 1480, 508, -20, -20, -20, -20, 1480, 1480, 1480, 1480, 1480, 589, -20, -20, -20, -20, -20, -1480, -646, -372, -51, 20, -1480, -637, -434, -51, 20, -1480, -647, -145, -51, 20, -1480, -384, -570, -51, 20, 1480, 1480, 1480, 1480, 1480, 566, 1480, 1480, 1480, 1480, 1480, 530, 1480, 1480, 1480, 1480, 1480, 555, -20, -20, -20, -20, -20, -20, -20, -20, -20, -20, -20, -20, -20, -20, -20, -20, 1480, 1480, 1480, 1480, 1480, 607, -20, -20, -20, -1480, -645, -372, -51, 20, 1480, 1480, 1480, 1480, 1480, 566, -20, -20, -20, -20, -1480, -648, -561, -51, 20, -1480, -421, -643, -51, 20, -1480, -643, -372, -51, 20, 1480, 1480, 1480, 1480, 1480, 590, -20, -20, -20, -20, -20, -1480, -630, -1306, -646, 20, -1480, -644, -145, -51, 20, 1480, 1480, 1480, 1480, 1480, 543, -20, -20, -1480, -674, -1238, -2940, -1203, 20, -7320, 20, -7320, 20, -1104, 20]",web
"[1460, 1460, 1460, 1460, 1027, 66, -20, -20, -32, -20, -66, -153, 20, 62, -20]",web
"[628, 59, -32, -20, -59, -361, 20]",web
"[32, -32, 20, 537, -20, -133, -4400, -597, 20, -358, -29, 20, 146, 125, 447, -20, -140, -71, -98, -281, 20, 58, 519, 504, -20, -20, -20, -229, -275, -58, -229, 20, -276, -58, 20, 502, 502, -20, -229, -1472, 20, -68, -58, 20, -229, -1472, -68, -58, 20]",web
"[1460, 1460, 1460, 1460, 1460, 1116, 1460, 1460, 1460, 1460, 659, -20, -20, -20, -20, -20, -918, 20, 1460, 1460, 1460, 1460, 1460, 1116, 1460, 1460, 1460, 1460, 676, -20, -20, -20, -20, -20, -918, 20, 1460, 1460, 1460, 1460, 1460, 1116, 1460, 1460, 1460, 1460, 1460, 1460, 273, -20, -20, -20, -20, -20, -32, -32, -20, -918, 20, 1460, 1460, 1460, 1460, 1460, 1116, 1460, 1460, 1460, 1460, 944, -32, -20, -20, -20, -20, -20, -918, 20, 1460, 1460, 1460, 1460, 1460, 1116, 1460, 1460, 1460, 1460, 1460, 1460, 1165, -20, -20, -20, -20, -32, -20, -32, -20, -918, 20, 1460, 1460, 1460, 1460, 1460, 1117, 1460, 1460, 1460, 1460, 1460, 1460, 1460, 617]",web
"[1460, 1460, 1460, 1460, 1460, 1116, 1460, 1460, 1460, 1460, 639, -20, -20, -20, -20, -32, -20, -918, 20, 1460, 1460, 1460, 1460, 1460, 1116, 1460, 1460, 1460, 1460, 1050, -20, -20, -32, -20, -20, -20, -918, 20, 1460, 1460, 1460, 1460, 1460, 1116, 1460, 1460, 1460, 1460, 1460, 1460, 681, -32, -20, -20, -20, -20, -20, -20, -918, 20, 1460, 1460, 1460, 1460, 1460, 1116, 1460, 1460, 1460, 1460, 873, -20, -20, -20, -20, -32, -20, -918, 20, 1460, 1460, 1460, 1460, 1460, 1117, 1460, 1460, 1460, 1460, 1460, 1460, 1460, 618, -32, -20, -20, -32, -20, -20, -20, -20, -20, -948, 20, 20, -20]",web
"[281, 59, -20, -20, -59, -83, -1480, -53, 32, 20, 20, 55, 55, -20, 281, -20, -20, -1480, -83, -53, -51, 32, 32, 32, 32, -51, 40, -51, 20]",web
"[261, 66, -20, -20, -66, -21920, 20, 62, -1480, -1480, -1480, -14620, -1480, -1480, 32, 20, 32, 20, -17540, -1480, -1480, -1480, 32, 20, 20, -178, -2940, 20, -1480, -1480, -58, -85, 32, 20, 32, 20, -20, 260, -20, -1480, -1480, -1480, -2940, -1480, -1480, -1480, -1480, -2940, -1480, -4400, 32, 20, 32, 20, 32, 20, 32, 20, 20, -11700, -597, -58, 20, 1061, 1116, 978, -20, -20, -1480, -1480, -1480, -1480, -1480, -1480, -1480, -1480, -427, -1480, -1480, -1480, -1480, -1480, -1480, 32, 20, 20, -1480, -1480, -1480, 20, -1480, -1480, -1480, -1480, -1480, -1480, -1480, -1480, -1480, -1480, -1480, -1480, -1480, -1480, -1480, 32, 20, 32, 20, 20, -1480, -1480, -1480, -1480, -1480, -1480, 32, 20, -1480, -1480, -1480, 20, -1480, -1480, -1480, 20, -1480, -1480, -1480, 20, -1480, -1480, -1480, 20, -1480, -1480, -220, 32, -1480, -1480, -1480, 20, 20, -1480, -1480, -1480, 20, -1480, -1480, -1480, -1480, -1480, -1480, -1480, -1480, -1480, -1480, -1480, -1480, -1480, -1480, -1480, -1480, 20, -1480, -1480, -1480, -1480, -1480, -1480, -1480, -1480, -1480, -1480, -1480, -1480, -1480, -1480, -1480, -1480, 20, -1480, -1480, -1480, -1480, -1480, -1480, -1480, -668, -58, -1480, -1480, -1480, -1480, -1480, -1480, -1480, 32, 20, 32, 20, 20, -1480, -1480, -1480, -1480, -1480, -1480, -1480, -1480, -1480, -1480, -58, -539, 32, 20, 32, 20, -1480, -1480, -1480, 32, -1480, -1480, -1480, -2940, -1480, -1480, -4400, -1480, -1480, -5860, 20, 32, 20, 32, 20, 20, -2940, 20, -1480, -1480, -1480, 20, -1480, -1480, -1480, 20, -1480, -1480, -1480, 20, -1480, -1480, -1480, 32, 32, 20, -1480, -1480, -1480, 20, -1480, -1480, -1480, -8780, -37, -8780, 20, -7320, -1480, -1480, -13160, 32, 20, 20, -23380, 20, -4400, -1480, -1480, -1480, 32, 20, -1480, -37, -1480, -834, -58, 20]",web
"[32, -28, 20, 22, 63, -20, -20, -300, 20, -20, 20]",web
"[1460, 1460, 417, 1065, -20, -20, -20, -20, -182, -2940, -382, -4400, -626, 20, 62, -519, -1480, -1480, 32, 32, 20, -66, -58, 20, 511, 263, 263, -20, 267, 265, 264, 266, -20, -20, -20, -20, -20, -20, -171, 20, -773, 20, -170, 20, 285, 281, 281, -20, -20, -20, -171, 20, -479, 20]",web
"[1460, 708, -20, -2940, -115, 20]",web
"[1480, 1263, 59, -20, -32, -20, -1480, -649, 32, 32, -148, -51, 32, 32, -59, 20, 55, 751, -20, -20, -1480, -649, 20, -148, -51, 20]",web
"[32, -28, 20, 22, 52, -20, -20, -339, 20, -20, 20]",web
"[32, -28, 20, 22, 52, -20, -20, -435, 20, -20, 20]",web
"[1420, 1420, 1420, 1420, 1420, 810, -20, -20, -20, -4340, -1413, 20]",web
"[32, -28, 20, 22, 58, -20, -20, -156, 20, -20, 20]",web
"[32, -28, 20, 22, 58, -20, -20, -60, 20, -20, 20]",web
"[32, -28, 20, 22, 58, -20, -20, -144, 20, -20, 20]",web
"[32, -32, 20, 537, -20, -133, -4400, -597, 20, -358, -29, 20, 146, 125, 968, 626, -140, -71, -98, 20, 58, -20, -202, -201, 20, -20]",web
"[1203, 1460, 162, -32, -20, -472, 20, 1202, 988, -20, -471, 20, 1202, 756, -20, -471, 20]",web
"[754, 747, -20, -4400, -781, 20]",web
"[32, -32, 20, 537, 20, -20, -133, -4400, -597, 20, -358, -29, -20]",web
"[32, -32, 20, 537, -20, -20, -133, -4400, -597, 20, -358, -29, 20, 146, -20, -140, -71, -89, 20]",web
"[979, 979, 979, 980, 979, 980, 980, -20, -376, -376, 20, -376, -20, -20, -732, 20, -732, 20, 610, 611, 612, -20, -732, 20, 62, -376, 20, -20]",web
"[140, 66, -20, -20, -66, -383, 20, 62, -20]",web
"[681, 66, 627, 716, -20, -20, -12980, 20, -1460, -20, 20, -14420, 20, 62, -2900, 20, -15860, 20, -4340, 20, -20, -17300, 20, -5780, 20, -15860, 20, -2900, -1460, -881, 32, 32, -17300, 40, -4340, -1460, 40, 40, -1460, 32, -1460, -1460, 20, -1460, 20, -1460, -2900, -295, 20]",web
"[32, -32, 20, 537, -20, -4400, -572, 20, 146, -278, 1275, -476, 20, -51, -20, 20, 20, 20]",web
"[32, -32, 20, 537, -20, -4400, -572, 20, 146, -278, 1275, -476, 20, -51, -20, 20, 20, 20]",web
"[32, -32, 20, 537, -20, -4400, -572, 20, 146, -278, 1289, -476, 20, -51, -20, 20, 20, 20]",web
"[32, -32, 20, 537, -20, -4400, -572, 20, 146, -278, 1274, -476, 20, -51, -20, 20, 20, 20]",web
"[32, -32, 20, 537, -20, -4400, -572, 20, 146, -278, 1293, -476, 20, -51, -20, 20, 20, 20]",web
"[32, -32, 20, 537, -20, -4400, -572, 20, 146, -278, 1298, -476, 20, -51, -20, 20, 20, 20]",web
"[32, -32, 20, 537, -20, -4400, -828, 20, 146, -278, 1328, -476, 20, -51, -20, 20, 20, 20]",web
"[199, 66, -20, -66, 20, -247, -58, 20, 62, -20]",web
"[1420, 572, -20, -641, 20]",web
"[32, -28, 20, 22, 48, -20, -20, -141, 20, -20, 20]",web
"[32, -32, 20, 537, -119, 405, -2900, -1229, 20, 94, -123, 20]",web
"[123, 66, -66, 20, -1131, -58, 20, 62, -20]",web
"[-44, -20, 20, 20, -20]",web
"[1320, 1460, 1460, 1460, 1460, 1460, 1460, 936, -20, -20, -20, -20, -504, 20]",web
"[21, -32]",web
"[21, -32]",web
"[21, -32]",web
"[21, -32]",web
"[-51, -20, 20, 20, -20]",web
"[21, -32]",web
"[21, -20]",web
"[1460, 1460, 1460, 1460, 1460, 1116, 1460, 1460, 1460, 1460, 1460, 572, -20, -20, -32, -20, -20, -20, -918, 1460, 1460, 1460, 1460, 1460, 1116, 1460, 1460, 1460, 1460, 975, -20, -20, -20, -20, -32, -20, -918, 1460, 1460, 1460, 1460, 1460, 1116, 1460, 1460, 1460, 1460, 953, -20, -20, -20, -20, -20, -918, 20]",web
"[1460, 1460, 1460, 1460, 1460, 1116, 1460, 1460, 1460, 1460, 787, -20, -20, -32, -20, -20, -32, 1460, -20, -918, 20]",web
"[32, -28, 22, 64, -20, -20, -199, 20, -20, 20]",web
"[32, -32, 20, 537, -119, 500, -1460, -1460, -1229, 20, 94, -123, 20]",web
"[32, -32, 20, 537, -5860, -485, 20, 178, 125, 1460, 1460, 1460, 1460, 758, 1460, 1460, 1460, 1460, 962, 1460, -20, -20, -20, -20, -32, -20, -20, 1460, 1460, 1460, 1460, 1460, 1460, 1460, 1460, 1460, 1460, 1460, 1460, 1460, 1460, 1460, 1460, 1460, 1460, 1040, -71, -89, 20, -113, -130, -62, 20, -628, -20, 1460, 1460, -20, -20, -20, -20, -32, -20, 1460, 1460, 1460, 1460, 1460, 1460, 1460, 1460, 1460, 1460, 1460, 1460, 1460, 1460, 1460, 1269, -32, -20, -20, -20, -20, -75, -75, 20, -20, -75, -62, 20, -75, -185, -62, 20, -312, 20, -20, -20, -20, -20, -20, -20, -20, -20, -75, -75, -75, -62, 32, 20, 20, -185, -62, 20, -181, 20, -181, -181, 20, 1460, 1460, 1460, 1460, 758, 1460, 1460, 1460, 1460, 1460, 1460, 474, -20, -20, -20, -20, -20, -20, -240, -62, 20, -337, 20, 1460, 1460, 1460, 1460, 758, 1460, 1460, 1460, 1460, 897, 1460, 1460, 1460, 1460, 758, 1460, 1460, 1460, 1460, 1062, -20, -32, -20, -20, -20, -20, -75, -62, -75, -75, -20, -20, -20, -20, -20, 32, 32, 20, -75, -130, -62, 20, 1460, 1460, 1460, 1460, 758, 1460, 1460, 1460, 1460, 1199, -205, 20, -314, 20, -20, -20, -20, -20, -20, -185, -62, 20, -181, 20, 1460, 1460, 1460, 1460, 758, 1460, 1460, 1460, 1460, 980, -20, -20, -20, -20, -32, -20, -75, -75, -75, -62, 32, 20, 20, -336, 20, 1460, 1460, 1460, 1460, 758, 1460, 1460, 1460, 1460, 905, 1460, 1460, 1460, 1460, 758, 1460, 1460, 1460, 1460, 1195, -20, -32, -20, -20, -20, -20, -185, -62, 20, -20, -20, -20, -20, -20, 1460, 1460, 1460, 1460, 758, 1460, 1460, 1460, 1460, 1259, -185, -62, 20, -614, 20, -20, -20, -32, -20, -20, -20, -130, 20, -75, -62, 20, -181, 20, -314, 1460, 1460, 1460, 1460, 758, 1460, 1460, 1460, 1460, 1294, -32, -20, -20, -20, -20, -20, -75, -130, -62, 20, -181, 20, 1460, 1460, 1460, 1460, 758, 1460, 1460, 1460, 1460, 1460, 1460, 1460, 546, 1460, 1460, 1460, 1460, 758, 1460, 1460, 1460, 1460, 1176, 1460, 1460, 1460, 1460, 758, 1460, 1460, 1460, 1460, 1157, -20, -32, -20, -20, -20, -20, -20, -75, -130, -75, -75, -62, 32, 20, 20, -335, 20, -20, -20, -20, -20, -185, -62, 20, -32, -20, -20, -20, -20, -20, -185, -62, 20, -203, -180, 20, 1460, 1460, 1460, 1460, 758, 1460, 1460, 1460, 1460, 1460, 1460, 99, -20, -20, -20, -20, -20, -20, -240, -62, 20]",web
"[1460, 1460, 1460, 1460, 1233, 66, -20, -20, -20, -20, -66, 20, -2940, -737, -106, 20, 62, -1480, -1480, -1234, -493, -2940, -1178, 20, -108, -1480, -1480, -1234, 20, -1000, -1480, -1480, -1178, -108, -1480, -1480, -1232, -1480, -1480, -1178, -108, -1480, -1480, -1234, -72, 20, -1480, -1480, -1178, -108, -1480, -1480, -1232, -1480, -1480, -1178, -108, -1480, -1480, -1234, -72, -1480, 20, -1480, -1178, -108, -1480, -1480, -1232, -1480, -1480, -1178, -108, -1480, -1480, -401, -58, 20, -20, 1460, 1460, 1460, 1460, 1460, 408, 1460, 450, -20, -20, -20, -20, -20, -20, -2940, -431, 20]",web
"[21, -32]",web
"[21, -32]",web
"[21, -32]",web
"[21, -32]",web
"[21, -32]",web
"[21, -32]",web
"[21, -32, 1460, 1460, 1379, 66, -20, -20, -20, -20, -66, -93, -1460, -517, 20, 62, 1152, -20, -65, -101, 20]",web
"[32, -32, 20, 608, -20, -170, 71, -20, -89, 20]",web
"[32, -32, 20, 607, -20, -5860, -1216, 20, 178, -20, -362, -89, 20]",web
"[32, -32, 20, 537, -5860, -452, 20, 113, -71, -89, 20]",web
"[32, -32, 20, 606, -20, -5780, -1296, 20, 178, -20, -362, -89, 20, 125, 58, 1420, 1420, 543, -20, -58, -20, -20, -1460, -114, 20]",web
"[32, -32, 20, 537, -5860, -485, 20, 178, -71, -89, 20]",web
"[32, -32, 20, 537, -5860, -485, 20, 178, -71, -89, 20]",web
"[254, 59, -20, -20, -59, 108, 108, -20, -1371, -53, -51, 20, 55, -20, -1371, -53, -51, 20, -20, 284, -20, -1480, -428, -722, -51, 20, -1480, -224, -53, -51, 20, 108, -20, -417, -51, 20, 291, 331, -20, -20, -1480, -82, -53, -51, -1480, -82, -84, 20, 280, 232, 280, -20, -1480, -82, -53, -51, -1480, -83, -53, -51, 20, -1480, -83, -53, -51, 20, 268, 315, -20, -1480, -82, -53, -51, 20, -1480, -261, -84, 20, 108, -1371, -53, -51, 20, 103, -51, 32, -1480, -355, -1390, -1480, -1316, -51, 20, 105, 254, -20, -1480, -456, -712, -51, 20, 280, -1480, -83, -53, -51, 20, 330, -1480, -82, -53, -51, 20, -1480, -223, -53, -51, 20, 314, -1480, -82, -53, -51, 20, 267, -20, -1480, -262, -53, -51, 20, 108, -20, -1371, -53, -51, 20, 55, 103, -20, -20, -1480, -512, -924, -1480, -721, -51, 20, 110, 254, -20, -1357, -53, -51, 20, -20, 105, 280, -20, -1480, -440, -698, -51, 20, -1480, -83, -84, 20, 331, -1480, -82, -53, -51, 20, -1480, -222, -53, -51, 20, 315, -1480, -82, -53, -51, 20, 268, -20, -1480, -261, -53, -51, 20]",web
"[1480, 1480, 1480, 1480, 1480, 278, 59, -20, -20, -20, -20, -20, -59, -1480, -361, -1379, -1480, -665, -51, 20, 55, -20, 1480, 1480, 1480, 1480, 1480, 530, -20, -20, -20, -20, -20, -20, 1480, 1480, 1480, 1480, 1480, 607, 1480, 1480, 1480, 1480, 1480, 567, -20, -20, -20, -20, -20, -20, -20, -20, -20, 1480, 1480, 1480, 1480, 1480, 508, 1480, 1480, 1480, 1480, 1480, 556, -20, -20, -20, -20, -20, -20, -20, -1480, -631, 20, -1308, -665, 20, -1480, -645, -372, -51, 20, 1480, 1480, 1480, 1480, 1480, 567, -1480, -645, -592, 20, -20, -20, -20, -20, 1480, 1480, 1480, 1480, 1480, 591, -20, -20, -20, -1480, -642, -434, -51, 20, -1480, -644, -372, -51, 20, -1480, -648, -145, -51, 20, 1480, 1480, 1480, 1480, 1480, 544, -20, -20, -20, -20, -1480, -385, -570, -51, 20, -1480, -805, -1060, -2940, -1203, -7320, 20, -7320, 20, -5860, -961, 20, 1480, 1480, 1480, 1480, 1480, 556, -20, -20, -20, 1480, 1480, 1480, 1480, 1480, 606, -20, -20, -20, 1480, 1480, 1480, 1480, 1480, 530, -20, -20, -20, -1480, -647, -550, -51, 20, 1480, 1480, 1480, 1480, 1480, 590, -20, -20, -20, -1480, -387, -556, -51, 20, -1480, -632, -1306, -2940, -34, 20, -51, -1480, -648, -145, -51, 20, 1480, 1480, 1480, 1480, 1480, 543, -20, -20, -1480, -804, -1061, 20, -1480, -1480, -1203, -7320, 20, -7320, 20, -5860, -1247, 20, 1480, 1480, 1480, 1480, 1480, 556, -20, -20, -20, 1480, 1480, 1480, 1480, 1480, 567, -20, -20, -20, 1480, 1480, 1480, 1480, 1480, 607, -20, -20, -20, 1480, 1480, 1480, 1480, 1480, 530, -20, -20, -20, -1480, -646, -372, -51, 20, 55, -1480, -646, -535, -51, 20, 1480, 1480, 1480, 1480, 1480, 591, -20, -20, -20, -1480, -384, -500, -51, 20, -1480, -632, -1307, -839, 20, -1480, -647, -145, -51, 20, 1480, 1480, 1480, 1480, 1480, 544, -20, -20, -20, -1480, -671, -1238, -2940, -1203, -7320, 20, -7320, 20, -1312, 20]",web
"[1460, 1460, 1460, 1460, 1387, 66, -20, -20, -66, -1179, 20, 1460, 1460, 1460, 1460, 1460, 129, -20, -20, -20, -247, 62, -20, 1460, 1460, 1460, 1460, 1443, -20, -20, -153, 62, -20]",web
"[1031, 59, -20, -20, -59, -360, 20, 1049, -361, 20]",web
"[32, -32, 20, 537, -20, -133, -1480, 20, -1480, -597, -1480, -358, -29, 32, 20, 20, 146, 125, 447, -32, -20, -20, -140, -71, -98, 20, -281, 20, 58, 601, -20, -229, -274, -58, 20, 584, -20, -229, -1472, 20, -68, -58, 20]",web
"[281, 59, -20, -20, -59, -1480, -83, 20, -84, 20, 55, -20, 281, -20, -1480, -83, 20, -51, 32, -53, 20, 281, -20, -1480, -83, 20, -53, -51, 20, 55, -20]",web
"[1460, 708, -20, -2940, -118, 20]",web
"[32, -28, 20, 22, 52, -20, -20, -339, 20, -20, 20]",web
"[1480, 1443, 59, -20, -20, -1480, -646, 32, 32, -148, -51, 32, 32, -59, 20, 55, -20, 562, -1480, -648, 20, -148, -51, 20, 1480, 1452, -20, -20, -1480, -647, 20, -148, -51, 20, 55, -20]",web
"[1420, 1420, 1420, 1420, 1420, 1258, -20, -20, -5780, -397, 20]",web
"[32, -32, 20, 537, -20, -133, -4400, -597, 20, -358, -29, 20, 146, 125, 1035, -20, -140, -71, -98, -202, 20, 58, -20]",web
"[21, -32]",web
"[754, 747, -20, -1480, -1480, -781, 32, -1480, 20]",web
"[32, -32, 20, 537, -20, -133, -4400, -597, 20, -358, -29, 20, 146, -20, -260, 20]",web
"[1203, 1460, 353, -20, -20, -472, 1202, 1012, -20, -472, 20, 1203, 1460, 203, -32, -20, -472, 20]",web
"[199, 66, -20, -66, 20, -250, -58, 20, 62, -20]",web
"[1420, 572, -20, -641, 20]",web
"[1460, 1460, 208, 1127, -20, -20, -267, 62, -1480, -1215, -1480, -1253, -2940, 32, 32, 20, -1227, -1480, 32, 20, -20, -66, -58, 20, 703, 265, 264, 265, 266, 266, 267, -20, -20, -20, -20, -171, 20, -773, 20, -171, 20, 1460, 1460, 208, 1127, -20, -20, -20, -20, -182, -1480, -513, -495, -1480, -4400, 32, 32, 20, -2940, -329, 20, -66, -58, 20, 702, 264, 264, 266, 265, 266, 267, -20, -20, -20, -20, -20, -20, -171, 20, -923, 20, 284, 285, -20, -20, -171, 20, -170, 20]",web
"[32, -32, 20, 657, -20, -2860, -1276, 20, -2860, -833, 20, 100, 118, 511, 132, 133, 132, 132, 132, -20, -20, -331, -331, 20, -91, 51, -15640, -806, 20, -787, -1440, -1440, 20, -1440, -1440, -1145, -51, -9960, -488, -51, -4280, 20, -2860, -585, -7120, -1044, 20, -9960, 20, -99, 20, 133, 132, 132, 132, 132, 132, -20, -1440, -1440, 20, -1440, -1440, -1440, 20, -1440, -1440, -1440, -4280, -806, -12800, 20, -2860, -806, -4280, 20, -8540, 20, -5700, -89, 20, -51, -15640, -357, 20, 133, -15640, -806, -2860, -303, 20, -20, 133, -5700, -865, -51, 20, -12800, -39, -51, 20, 133, -20, -12800, -1070, -51, 20, -9960, -345, -51, 20, -7120, -566, -51, 20, -15640, -806, 20, -7120, -248, 20, 133, 132, 132, 132, -9960, -842, 20, 132, 133, -20, 132, -9960, -200, -51, -1440, 20, -14220, -806, -5700, 20, 132, -9960, -806, -9960, 20, -11380, -573, 20, 133, -51, -15640, -806, -2860, -330, -51, 20, -15640, -806, -2860, -1035, 20, -15640, -806, -161, -51, 20, 132, -14220, -1036, 20, 132, -51, -20, -9960, -1405, -51, 20, -14220, -1425, 20, -51, -14220, -1080, -51, 20, -12800, -256, -51, 20, 132, 133, 132, 132, 133, -7120, -95, -51, 20, -15640, -806, -2860, -523, -51, 20, -15640, -806, -424, 20, -12800, -1383, -51, 20, -11380, -1000, -51, 20]",web
"[123, 66, -20, -66, 20, -1104, -58, 20, 62, -20]",web
"[127, -20, -366, -1460, -666, 20, -58, 20, 62, -20, 116, -20, -357, -1460, -762, 20, -14420, -50, 20, 116, -356, -1460, -858, 20, -2900, 20, -2900, 20, -2900, 20, -2900, 20, -2900, 20, -2900, 20, -2900, 20, -2900, 20, -2900, 20, -1460, -1460, 20, -1460, -650, 20, 127, -365, -1404, -58, 20, 126, 124, -20, -366, -1460, -666, 20, -1460, -1046, 20, -58, 20]",web
"[1051, -20, 1051, -376, 1051, 62, 1050, 1051, 1050, 1050, -376, 20, -20, -20, -1088, 20, -20, -376, -376, 20, 1053, 1052, 1052, 1054, 1054, 1052, 1054, -732, 20, -376, -376, 20, -376, -20, 20, -732, 20, 677, 677, -20, -732, 20]",web
"[32, -32, 20, 537, -20, -20, -1480, -1480, -1480, -572, 20, 146, -278, 1278, -476, 20]",web
"[32, -32, 20, 537, -20, -4400, -572, 20, 146, -278, 1288, -476, 20, 1291, -476, 20]",web
"[32, -32, 20, 537, -20, -4400, -572, 20, 146, -278, 1277, -476, 20]",web
"[32, -32, 20, 537, -20, -2940, 20, -1480, -572, 20, 146, -278, 1277, -476, 1293, -476, 20, 1275, -476, 20]",web
"[32, -32, 20, 537, -20, -20, -4400, -572, 20, 146, -278, 1301, -476, 20, 1283, -476, 20]",web
"[32, -32, 20, 537, -20, -1480, -1480, -1480, -572, 20, 146, -278, 1310, -476, 20, 1309, -476, 20]",web
"[290, -20, -5780, 20, -1460, -1460, -1460, 32, 32, 20, -1460, -1460, 20, -1460, -1460, -1460, -1460, -1460, -1460, 20, 62, -1460, -1460, -1460, 20, -1460, -1460, -1460, -1460, 20, -20, -179, 20, 680, 559, -20, -20, -11540, 20, -1460, -1460, -8660, 32, 20, 20, -12980, 20, -8660, -1421, 20, 563, 586, 290, 586, 451, -20, -20, -14420, 20, -15860, 20, -15860, 20, -17300, 20, -1460, -2900, -1460, -2900, -1460, 32, 40, 48, 56, -1460, -1460, -1460, -1460, -1460, -1460, 56, 56, 56, 48, 40, 32, -2900, -5780, 20, 20, -7220, 20, -4340, 20, -2900, 20, -1460, 32, -5780, 32, -1460, 20, -1460, 20, -2900, 20, -4340, 20, -5780, 20, -5780, 20, -724, 20]",web
"[32, -32, 20, 547, -20, -1480, -1480, -1196, 20, -839, 20, 113, 125, 541, -20, -294, -98, -302, 20, 58, -20]",web
"[451, 285, 285, 284, 284, 285, 284, -20, -11700, -1480, -1480, -1480, -1480, -1480, -2940, 32, 32, 20, 32, 20, 20, -16080, -1480, -1480, -4400, 32, 20, 20, -1480, -1480, -1480, -1480, 32, 20, 20, -4400, -1480, -1480, -1159, -58, -20, -32, -32, -20, 32, 20, 20, -2940, -2940, -1480, -1480, -1480, -1480, -531, -58, 32, 20, 32, 20, 20, 62, -14620, -1346, -58, 20, -507, -58, 20, -1480, -1480, -1480, -1070, -58, 32, 20, 20, -1480, -1480, -1480, -1480, -1480, -4400, -1102, -58, 32, 20, 32, 20, 20, -20, -1480, -211, -1480, -58, 32, 20, 20, 261, -20, -4400, -1452, -58, 20, 285, -20, 1061, -1480, -1480, -1480, -17540, 32, 20, 20, -17540, -1480, -1480, -1480, 32, 20, 20, -2940, -1480, -5860, -1480, -1480, -8780, 32, 20, 32, 20, 20, -155, -1480, -1480, 32, -1480, -20460, 20, 20, -21920, 20, -7320, -992, -58, 20, 873, -20, -16080, -1480, -1480, -1480, -329, 32, 20, 32, -1480, -58, 20, 20, -20, -21920, 20, -13160, -1480, -1480, -5860, 32, 20, 20, -1480, -1480, -4400, -58, -852, 32, 20, 32, 20, 261, -20, -21920, 20, -238, -1480, -58, 32, 20, 20]",web
"[21, -32]",web
"[1320, 1460, 1460, 1460, 1460, 1460, 1460, 1061, -20, -20, -20, -20, -505, 20]",web
"[140, 66, -20, -20, -66, -383, 20, 62, -20]",web
"[32, -32, 20, 537, -20, -4400, -828, 20, 146, -278, 1335, -476, 20]",web
"[32, -32, 20, 537, -20, -4400, -828, 20, 146, -278, 1333, -476, 20]",web
"[32, -32, 20, 537, -20, -2940, 20, -1480, -828, 20, 146, -278, 1319, -476, 20]",web
"[1460, 1460, 1198, 59, -20, -32, -20, -59, -621, 20, 55, 1460, 1460, 1199, -20, -20, -20, -20, -20, -597, 20]",web
"[-59, -20, 20, 20, -20]",web
"[298, -20, -1480, -1480, -1480, -1480, -1480, -1480, -1480, -1480, -1480, -1480, -835, -58, 32, 20, 20, 62, -20, 261, -20, -20460, 20, -2940, 20, -1480, -101, -1480, -58, 32, 20, 20, 968, 905, -20, -20, -1480, -1480, -1480, 20, -1480, -1480, -1480, 20, -1480, -1480, -1480, 20, -1480, -1480, -1480, 20, -1480, -1480, -1480, 20, -1480, -1480, -1480, 20, -1480, -1480, -1480, 32, 20, -1480, -1480, -1480, 32, 20, -1480, -1480, -1480, 20, -1480, -784, -58, -1480, 20, -1480, -1480, -1480, -1480, -1480, -1480, 20, -1480, -1480, -1480, 20, -1480, -1480, -1480, 20, -1480, -1480, -1480, 32, 20, 20, -1480, -1480, -1480, 32, -1480, -1480, -1480, 20, 20, -1480, -1480, -1480, 20, -1480, -1480, -1480, 20, -1480, -1480, -1480, 20, 62, -1480, -1480, 32, 20, -1480, -1480, -1480, 32, 20, 20, -1480, -1480, -1480, 20, -1480, -1480, -1480, 20, -1480, -1480, -1480, 20, -177, -1480, -1480, 32, 20, -1480, -1480, -1480, 32, 20, 20, -1480, -1480, -1480, -4400, 20, -1480, -1480, -1480, 32, 20, -1480, -1480, -1480, 20, -1480, -1480, -1480, -1480, -1480, -1480, 32, 20, -1480, -1480, -1480, 32, 20, 20, -1480, -1480, -1480, 20, -1480, -1480, -1480, -13160, -1480, -1480, -668, 32, 20, 32, 20, 32, -1480, -1480, -1480, 20, 20, -1480, -1480, -1480, -2940, -1480, 32, 20, 32, 20, -8780, 20, -1480, -1480, -1480, 32, 20, -13160, 20, -4400, -416, -2940, -58, 32, 20, 20, -20, 1017, -20, -1185, -58, 20, 261, -20, -4400, -1480, -1480, -7320, -1480, -1480, -1480, -1480, -1480, 32, 20, 32, 20, 32, 20, -16080, -556, -1480, -58, 32, 20, 20]",web
"[32, -24, 20, 22, 48, -20, -20, -141, 20, -20, 20]",web
"[32, -24, 20, 22, 48, -20, -20, -208, 20, -20, 20]",web
"[1460, 1460, 1460, 1460, 673, 1460, 1460, 1460, 1460, 1460, 1326, 1460, 1460, 1460, 1460, 673, 1460, 1460, 1460, 1460, 1460, 386, -32, -20, -20, -20, -20, -20, -32, -20, -20, -20, -20, -20, -20, -240, -62, 20, -75, -75, -75, -62, 32, 20, -395, 20, -313, 20, 1460, 1460, 1460, 1460, 791, 1460, 1460, 1460, 1460, 110, 1460, 1460, 1460, 1460, 758, 1460, 1460, 1460, 1460, 1460, 1138, -32, -20, -20, -20, -20, -20, -130, 20, 1460, 1460, 1460, 1460, 673, 1460, 1460, 1460, 1460, 1460, 1078, -62, -351, 20, 1460, 1460, 1460, 1460, 758, 1460, 1460, 1460, 1460, 633, 1460, 1460, 1460, 1460, 758, 1460, 1460, 1460, 1460, 613, -20, -20, -32, -20, -20, -130, -20, -62, -75, -75, -530, 32, 40, 32, 20, -20, -20, -20, -20, -20, -75, -75, -75, -75, -62, 32, 32, 20, -308, 20, -20, -20, -20, -20, -20, -20, -32, -185, -20, -62, -20, -32, -20, -20, -20, 20, -182, -185, -62, 20, -181, 20, -1480, 32, 1460, 1460, 1460, 1460, 758, 1460, 1460, 1460, 1460, 662, 1460, 1460, 1460, 1460, 757, 1460, 1460, 1460, 1460, 1460, 1460, 387, -32, -20, -20, -20, -20, -20, -185, -62, 20, -336, 20, -20, -20, -20, -20, -20, -20, -240, -62, 20, -177, 20, 1460, 1460, 1460, 1460, 757, 1460, 1460, 1460, 1460, 995, -20, -20, -20, -20, -20, -185, -62, 20, -203, 20, 1460, 1460, 1460, 1460, 758, 1460, 1460, 1460, 1460, 847, -20, -20, -32, -20, -20, -20, -185, -62, 20, -381, 20, 1460, 1460, 1460, 1460, 758, 1460, 1460, 1460, 1460, 1069, -20, -20, -20, -20, -20, -185, -62, 20, -336, 20, 1460, 1460, 1460, 1460, 758, 1460, 1460, 1460, 1460, 1128, -20, -20, -20, -20, -20, -185, -62, 20, -219, 20, 1460, 1460, 1460, 1460, 758, 1460, 1460, 1460, 1460, 975, 1460, 1460, 1460, 1460, 758, 1460, 1460, 1460, 1460, 1460, 1460, 1138, -20, -20, -20, -20, -20, -185, -62, 20, -20, -20, -20, -20, -20, -20, -75, 20, -75, -75, 20, -75, -62, 20, -551, -181, 20]",web
"[1460, 1460, 1460, 1460, 973, 66, -20, -20, -20, -20, -66, 20, -2940, -737, -106, -2940, -1234, -493, -2940, -1178, -108, -2940, 20, -1234, -1000, 20, -2940, -1178, -108, -2940, -1232, -2940, -1178, -108, -2940, -1234, -72, 20, -2940, -1178, -108, -2940, -1232, -2940, -1178, -108, -2940, -1234, -72, 20, -2940, -1178, -108, -1480, 20, -1480, -1232, -2940, -1178, -108, -2940, -401, -58, 20, 62, -20, 1460, 1460, 1460, 1460, 1460, 408, 1460, 450, -20, -20, -20, -20, -20, -20, -2940, -430, 20]",web
"[253, 59, 108, -20, -20, -59, -20, -1371, -53, -51, 20, 55, 108, -20, -20, -1371, -53, -51, 20, -1480, -223, -53, -51, 20, 104, -1480, -454, -703, -51, 20, 267, -20, 108, -20, -416, -51, 20, -1480, -261, -53, -51, 20, 290, 331, -20, -20, -1480, -82, -53, -51, -1480, -82, -53, -51, 20, 279, 232, 279, -20, -1480, -82, -53, -51, -1480, -83, -53, -51, 20, -1480, -83, -53, -51, 20, 315, -1480, -82, -53, -51, 20, 103, -20, -1480, -470, -1274, -1480, -1387, -2940, -1203, -1480, -646, 20, 253, -20, 279, -20, -1480, -83, -53, -51, 20, 330, -1480, -224, -53, -51, 20, -20, -1480, -82, -53, -51, 20, 314, -20, -1480, -82, -53, -51, 20, 267, -20, -1480, -261, -53, -51, 20, 108, -20, -1371, -53, -51, 20, 55, 103, -20, -1480, -537, -1215, 20, -1480, -990, -1480, 20, -1480, -1203, -51, 20, 253, -20, 279, -20, -1480, -83, -53, -51, 20, -1480, -223, -53, -51, 20, 267, -20, -1480, -260, -84, 20]",web
"[1480, 1480, 1480, 1480, 1480, 278, 59, -20, -20, -20, -20, -20, -20, -59, -1480, -363, -1377, -1480, -827, -51, 20, 55, -20, 1480, 1480, 1480, 1480, 1480, 529, -20, -20, -20, -1480, -633, -1306, -1076, 20, 1480, 1480, 1480, 1480, 1480, 543, -20, -20, -20, -20, 1480, 1480, 1480, 1480, 1480, 607, 1480, 1480, 1480, 1480, 1480, 566, -20, -20, -20, -20, -20, -20, -20, -20, -20, -20, -20, 1480, 1480, 1480, 1480, 1480, 508, 1480, 1480, 1480, 1480, 1480, 555, -20, -20, -20, -20, -1480, -645, -372, -51, 20, -1480, -650, -578, 20, 1480, 1480, 1480, 1480, 1480, 566, -20, -20, -20, 1480, 1480, 1480, 1480, 1480, 591, -20, -20, -20, -1480, -642, -434, -51, 20, -1480, -648, -372, -51, 20, -1480, -646, -145, -51, 20, -1480, -387, -542, -51, 20, -1480, -672, -1238, -2940, -1203, -4400, 20, -10240, 20, -1304, 20, 1480, 1480, 1480, 1480, 1480, 555, -20, -20, -20, -20, -20, 1480, 1480, 1480, 1480, 1480, 529, 1480, 1480, 1480, 1480, 1480, 606, -20, -20, -20, -20, -20, -20, -20, -20, -1480, -645, -561, -51, 20, 1480, 1480, 1480, 1480, 1480, 590, -20, -20, -20, -20, -1480, -421, -674, 20, -1480, -646, -145, -51, 20, -1480, -631, -1306, -645, 20, 1480, 1480, 1480, 1480, 1480, 543, -20, -20, -1480, -672, -1238, -2940, -1203, 20, -7320, 20, -7320, 20, -1332, 20, 1480, 1480, 1480, 1480, 1480, 555, 1480, 1480, 1480, 1480, 1480, 529, -20, -20, -20, -20, -20, -20, -20, -20, -20, 1480, 1480, 1480, 1480, 1480, 566, 1480, 1480, 1480, 1480, 1480, 606, -20, -20, -20, -20, -20, -20, -20, -20, -1480, -645, -372, -51, 20, 55, -1480, -646, -561, -51, 20, 1480, 1480, 1480, 1480, 1480, 590, -20, -20, -20, -20, -1480, -384, -629, -51, 20, -1480, -630, -1306, -330, 20, -1480, -645, -144, -51, 20, 1480, 1480, 1480, 1480, 1480, 543, -20, -20, -20, -20, -1480, -670, -1238, 20, -1480, -1480, -1203, 20, -1480, -1480, -1480, 20, -1480, -1480, -7320, 20, -1353, 20]",web
"[126, 66, -20, -20, -66, -363, -1460, -372, 20, -58, 62, 116, 126, 127, 127, 123, -20, -20, -354, -1460, -1050, 20, -2900, 20, -2900, 20, -1460, -1460, -2900, 20, -2900, 20, -1460, -1460, 20, -2900, 20, -2900, 20, -2900, 20, -2900, 20, -2900, 20, -2900, 20, -2900, 20, -2900, 20, -2900, 20, -2900, 20, -2900, 20, -2900, 20, -2900, 20, -2900, 20, -2900, 20, -2900, 20, -410, 20, -20, -366, -365, -1082, 20, -1460, -742, 20, -20, -361, 20, -1460, -666, 20, -1460, -1051, 20, -58, 20, 115, 116, -352, -2900, 20, -2900, 20, -2900, 20, 62, -2900, 20, -1460, -340, 20, -358, -1460, -398, 20, -2900, 20, -2900, 20, -2900, 20, -2900, 20, -2900, 20, -2900, 20, -2900, 20, -2900, 20, -2900, 20, -2900, 20, -2900, 20, -2900, 20, -2900, 20, -5780, 20, -2900, 20, -2900, 20, -5780, -2900, -2900, 20, -21620, 20, -2900, 20, -2900, 20, -2900, 20, -2900, 20, -2900, 20, -2900, 20, -2900, 20, -2900, 20, -2900, 20, -2900, 20, -2900, 20, -2900, 20, -2900, 20, -2900, 20, -2900, 20, -2900, 20, -2900, 20, -1460, -1401, 20, -2900, 20, -2900, 20, -2900, 20, -2900, 20, -2900, 20, -5780, 20, -2900, 20, -5780, 20, -2900, 20, -2900, 20, -2900, 20, -2900, 20, -2900, 20, -2900, 20, -2900, 20, -2900, 20, -1460, -1460, 20, -2900, 20, -2900, 20, -2900, 20, -959, -2900, 20, -2900, 20, -2900, 20, -2900, 20, -2900, 20, -2900, 20, -2900, 20, -2900, 20, -2900, 20, -2900, 20, -2900, 20, -2900, 20, -2900, 20, -2900, 20, -2900, 20, -5780, 20, -2900, 20, -2900, 20, -5780, 20, -4340, -214, 20]",web
"[1460, 1460, 1460, 1460, 1014, 66, -20, -32, -20, -20, -66, -153, 20, 62, -20]",web
"[584, 59, -20, -20, -59, -361, 20]",web
"[102, 66, -20, -20, -66, -280, 20, 62, 490, -20, -20, -229, -274, -58, 20, 489, -20, -229, -1472, -68, -58, 20]",web
"[281, 59, -20, -20, -59, -1480, 20, -83, -84, 20, 55, -20, 281, -20, -83, -1480, 32, 20, -53, -51, 20, 281, -20, -83, -1480, 32, 20, -53, -51, 20, 55, -20]",web
"[1460, 708, -32, -20, -2940, -121, 20]",web
"[599, 66, -32, -20, -66, -201, 20]",web
"[562, 59, -20, -20, -59, -1480, -648, 20, -148, 20, -51, 55, -20, -20, 1480, 1452, -20, -1480, -648, 20, -148, -51, 20, 562, -20, -1480, -648, 20, -148, -51, 20, 55, -20]",web
"[1420, 1420, 1420, 1420, 1420, 1420, 282, -20, -20, -20, -5780, -825, 20]",web
"[1460, 1460, 208, 66, 1052, -20, -20, -20, -66, 20, -182, -1480, -868, -1480, -1480, -2940, -140, 32, 20, 62, -1480, -368, -1480, 32, 20, -66, -58, 20, 702, 265, 264, 266, 267, 266, 266, -20, -20, -20, -20, -20, -202, 20, -924, 20]",web
"[754, 747, -20, -4400, -780, 20]",web
"[1203, 1460, 130, -32, -20, -472, 1202, 977, -20, -472, 20, 1202, 761, -20, -472, 20]",web
"[969, 66, 969, 970, 969, 970, 969, 969, -20, -66, 20, -376, 20, 62, -376, -376, 20, -376, -20, -1088, 20]",web
"[32, -32, 20, 537, -20, -4400, -572, 20, 146, -278, 1300, -476, 20]",web
"[160, 66, -20, -20, -66, -301, 20, 62, -20]",web
"[32, -32, 20, 537, -20, -2940, -1480, -572, 20, 146, -278, 1276, -476, 20]",web
"[32, -32, 20, 537, -20, -157, 71, 1283, -20, -476, 1276, -476, 20]",web
"[32, -32, 20, 537, -20, -4400, -572, 20, 146, -278, 1298, -476, 20]",web
"[32, -32, 20, 537, -20, -4400, -572, 20, 146, -278, 1276, -476, 20]",web
"[32, -32, 20, 537, -20, -4400, -572, 20, 146, -278, 1279, -476, 20]",web
"[558, 66, -20, -20, -4340, 20, -5780, 20, -1460, -1460, -2900, 32, 20, -7220, 20, 62, -8660, 20, -20, -8660, 20, -10100, 20, -10100, 20, -11540, 20, -7220, -1405, 20, 651, -20, -8660, -674, 20]",web
"[199, 66, -20, -20, -66, 20, -248, -58, 20, 62, -20]",web
"[1420, 572, -20, -641, 20]",web
"[123, 66, -20, -66, 20, -1102, -58, 20, 62, -20]",web
"[20, -20]",web
"[20, -20]",web
"[20, -20]",web
"[1320, 1460, 1460, 1460, 1460, 1460, 1460, 909, 1460, 1460, 1460, 1460, 1460]",web
"[20, -20]",web
"[1460, 1460, 1460, 1460, 1460, 509, -20, -20, -20, -20, -2900, 20, -2900, 20, -2900, 20, -2900, 20, -2900, 20, -1460, -1163, 20, 1460, 1460, 1460, 1460, 1460, 509, -20, -20, -20, -2900, 20, -2900, 20, -2900, 20, -2900, 20, -2900, 20, -2900, 20, -1460, -1460, -2900, 20, -2900, 20, -2900, 20, -2900, 20, -1460, -292, 20]",web
"[1460, 1460, 1460, 1460, 1460, 509, -20, -20, -20, -20, -20, -5780, 20, -2900, 20, -2900, 20, -2900, 20, -1460, -1165, 20, 1460, 1460, 1460, 1460, 1460, 509, -20, -20, -20, -5780, 20, -2900, 20, -2900, 20, -2900, 20, -2900, 20, -2900, 20, -2900, 20, -2900, 20, -2900, 20, -2900, 20, -1460, -290, 20]",web
"[1460, 1460, 1460, 1460, 1460, 521, -20, -20, -20, -20, -20, -20, -2900, 20, -2900, 20, -2900, 20, -2900, 20, -2900, 20, -2900, 20, -5780, 20, -2900, 20, -1460, -1460, 20, -2900, 20, -2900, 20, -2900, 20, -2900, 20, -2900, 20, -2900, 20, -5780, 20, -2900, 20, -2900, 20, -2900, 20, -4340, -1434, 20]",web
"[1460, 1460, 1460, 1460, 1460, 509, -20, -20, -20, -20, -20, -20, -2900, 20, -2900, 20, -2900, 20, -2900, 20, -2900, 20, -2900, 20, -1460, -1460, -2900, 32, 20, 20, -2900, 20, -2900, 20, -2900, 20, -1460, -291, 20, 1460, 1460, 1460, 1460, 1460, 508, -20, -2900, 20, -2900, 20, -2900, 20, -2900, 20, -2900, 20, -1460, -1460, 32, 20, -2900, 20, -2900, 20, -2900, 20, -2900, 20, -1460, -1460, 32, 20, -1460, -290, 20]",web
"[1460, 1460, 1460, 1460, 1460, 509, -20, -20, -20, -20, -1460, -1460, 32, 20, -2900, 20, -2900, 20, -2900, 20, -1460, -1460, 32, 20, -2900, 20, -2900, 20, -5780, 20, -5780, 20, -1460, -290, 20, 1460, 1460, 1460, 1460, 1460, 509, -20, -20, -20, -2900, 20, -2900, 20, -2900, 20, -2900, 20, -2900, 20, -2900, 20, -2900, 20, -2900, 20, -2900, 20, -2900, 20, -2900, 20, -290, -1460, 32, 20]",web
"[1460, 1460, 1460, 1460, 1460, 509, -20, -20, -20, -2900, 20, -2900, 20, -1460, -1460, -2900, 20, -4340, -1165, 20, 1460, 1460, 1460, 1460, 1460, 509, -20, -20, -20, -20, -2900, 20, -2900, 20, -2900, 20, -1460, -1460, -2900, 20, -1460, -1163, 20]",web
"[-66, -51, -20, 20]",web
"[1460, 1460, 992, 66, -20, -20, -20, -20, -66, -93, -1240, -631, 20, 62, 1085, -20, -88, -101, 20]",web
"[1460, 1460, 746, 59, -20, -20, -20, -59, -621, 20, 55, 1460, 1460, 746, -20, -20, -20, -597, 20]",web
